"pathway","NES","pval","padj","size","ES","leading_edge_n","leading_edge_genes"
"ING1_TARGET_GENES",-1.56558433150868,0.00163329718667832,0.248261172375105,106,-0.507491082129523,36,"Mybl2 Cep126 Nr4a2 Pole Lrig3 Efcab11 Rrm2 Cdca5 Mms22l Diaph3 Sass6 Kif11 Wdr62 Clspn Aurkb Nek2 Mki67 Sgo2a Gm10501 Rad51 Tedc1 Pbk Pomt1 Ckap2l Taf4b Rcc1 Ipo11 Cdca8 Tex30 Smad7 Arhgef39 Kif2c Tpx2 Trmt61a Apbb2 Mis18a"
"AHCY_AHCYL_TARGET_GENES",-0.929387753998581,0.610596475372797,1,95,-0.304265342273641,24,"1110019D14Rik Rmi2 Rad54b Cdca7 Cenpu Ets2 Lins1 Snhg6 Rnf170 Asnsd1 Dsn1 Sacs Mgme1 Asb7 Frat2 Srsf6 Rad51b Epm2a Zc3hc1 Pou2f1 2810013P06Rik Dnajc2 Nsl1 Rxylt1"
"BAZ1A_TARGET_GENES",0.745625348764659,1,1,364,0.164122548509486,58,"Hspb6 A330035P11Rik A630052C17Rik Pgap1 Azin2 Ccdc142os Fscn1 Lcmt2 Kat14 Nmt2 Fastkd2 Zfp850 Med23 Usp32 Zpbp2 Pigg Fdxacb1 1700040D17Rik Acad10 Ermp1 Dimt1 Usp21 Rbm48 Pcnx4 Fntb Trip4 Tmem87a Tsga10 Impa2 Tbc1d32 Napepld Thg1l Rhot1 Gm11399 Atn1 Tubg2 Sfi1 Terf2 Hspa1b Acer3 Cep44 Zfp341 Ccdc127 Setd4 Yipf2 Rptor Mgst3 Pex3 Kif3a Emsy Dync1i2 Zfp664 Smim12 Acsf3 Arid4a Asah1 Mob1a Sec11a"
"BRD3_TARGET_GENES",-0.86050935712554,0.871887550200803,1,435,-0.256463803658911,100,"Fbxl2 Gadd45g Aunip Kif20a Gm19265 Cdca5 Tmem267 Crybg2 Qtrt2 Mms22l Adgrg3 Stmn1 Zfp457 Hk1os Zfp719 Gins2 A930016O22Rik Fbf1 Mrm3 Mpp4 Fosb Ccp110 Kntc1 Cdnf Ggnbp1 Sugct Gm10501 Fam98a 5430416N02Rik Ccdc191 Gm4117 Cox7a1 Itpkc Smpd4 Cgas 2610020C07Rik Nsun6 Eed Hlx Traip Prkrip1 Asb1 Ints9 Mcm2 Mst1 Ppp1r15b Nup93 Tex30 Apmap Dcakd Lactb2 Gen1 Acad11 Ffar4 Pigf Dtymk Alg9 Chmp7 Amn1 Dcp1a Cdk20 Pafah2 Tonsl Akirin2 Rbm19 Med22 Sesn2 E230029C05Rik Hjurp Tti2 Abhd4 Hk1 Etf1 Capn3 Gfod2 Commd9 Cux1 Cdc42bpg Lsm2 Neil3 Ganc Slc17a5 Rsl1d1 Paip2 Pithd1 Calr Atg14 Snx14 Mcur1 Ccdc174 Grk4 Taf5 Pop4 Limk2 Abce1 Kbtbd3 Pxn Ube3b Kri1 Ing1"
"BRWD1_TARGET_GENES",-0.986591400882612,0.527420024927295,1,212,-0.302787056967768,52,"1110019D14Rik Gpr19 Nuf2 Myl4 Fcmr Zwilch Bcl2 2510009E07Rik Rita1 Diaph3 Brca1 Gm13920 Pde4d Kntc1 Ankrd9 Meis1 Tctn3 Zfp493 Fbxl18 Tmem218 Arhgap29 Ang Melk Smc4 Ehd1 Syvn1 Polr3e Gfra1 Atp11a F8a Rnf141 Ado Cep83 Commd5 Runx1 Rpp14 Sac3d1 Serpinf1 Ppp1r15a Txndc12 Slx4ip Usp5 Isoc2b Rabl6 0610043K17Rik Tcp1 Mzt2 Ganc Faap100 Hspbp1 Tpp2 Ankfy1"
"CARM1_TARGET_GENES",-0.884083769148732,0.692790326260552,1,87,-0.292407272876206,21,"2900052L18Rik Fcmr C630043F03Rik Mtss2 E330020D12Rik Trip10 Kntc1 Gamt Dab2ip Rttn Commd5 Erc1 Hes6 Aspm Irf3 Arhgap10 Cdk4 Aprt Tmem176a Usp53 Ptpa"
"CBX6_TARGET_GENES",-0.963005935057585,0.548124717577948,1,95,-0.315271348456234,16,"Hmox1 Gpat3 Igf1 Hoxaas3 Kcnk12 Pde4d Tmem38a Cacnb2 Pym1 Fam111a Vwa2 Kctd21 Meis1 Slc35d3 Trp53inp2 Cwc25"
"CEBPG_TARGET_GENES",-0.90918745668416,0.712183576867668,1,240,-0.277157907480476,57,"Atf3 Gdf9 Hmox1 Gm15764 Soat2 Sh2d6 Gm16253 Gpt2 5930430L01Rik Recql4 Cenpl Ptpn22 Frs3 Cnn3 Ccp110 Kifc5b Cdnf Pard3 Pkdcc Cldn12 Usp2 Mthfr Ddit3 Mdn1 Phyhd1 Gm9929 Cass4 Mcm3 Sertad2 Lztfl1 Tnks1bp1 Creld1 Slc6a9 Stk40 Ppp1r15b Dhx33 Abcc5 Phf10 Flna Nnt Crls1 Tnk2 Mrpl54 Enc1 Serpinf1 Ppp1r15a Txndc12 Nisch Mindy3 Tecpr1 Frat2 Smad3 Hax1 Hjurp Zfp672 Josd1 Spata1"
"CGAS_TARGET_GENES",0.833810352701148,0.857826384142174,1,70,0.222881391221105,7,"Sult2b1 Gm11696 Tom1l2 Met Map2k4 Ermp1 Mbnl3"
"CTNNB1_TARGET_GENES",-0.956622800636534,0.559673580414825,1,93,-0.313946091589429,14,"Ptk7 2900052L18Rik Mast2 Wnt6 Gpld1 Prlr Glis3 Eps8 Gabbr1 Uba3 Atp6v1g2 2610021A01Rik Pctp Mroh2a"
"CUX2_TARGET_GENES",-1.04789004867898,0.380121874343349,1,184,-0.324635795811598,37,"Nostrin Map9 Gm16573 Ddc Timd2 2500004C02Rik Prlr Sardh Abcb4 Rab40c Stard4 Zfpm1 4930519P11Rik Ankrd37 Mapkapk5 Pign Meis1 Ttll11 Slc1a2 Pemt Slc26a2 Ccser2 Jun Dusp16 Ss18l1 C230037L18Rik Cul2 5530601H04Rik Oasl1 Gfra1 Dna2 Prxl2a Adra1b Fcsk Cnot6 Tmem11 Hdac5"
"DDIT3_TARGET_GENES",-0.905033592730135,0.730006136224177,1,261,-0.274682617621647,49,"Atf3 Arhgef40 Gdf9 Tmem231 Soat2 Gpat3 Sh2d6 Gpr85 A230072C01Rik 1700018L02Rik Casp4 5930430L01Rik Map3k20 Slc25a29 Ccp110 Eps8 Kazald1 Kifc5b Pard3 Camkv Plekhm1 Incenp Ddit3 Zfp184 Tgif1 Tyw3 Cryz Zcchc2 Trp53inp2 Phyhd1 Slc4a1ap Ugt1a6a Gm9929 C130036L24Rik Sertad2 Pnpt1 Hdac8 Nrip1 Stk40 Ppp1r15b Pno1 Apmap Uxt Ndufaf1 Denr Tpx2 Rpa3 Nol12 Dusp6"
"DDX5_TARGET_GENES",0.601827511123541,0.99290780141844,1,42,0.177072936137023,10,"4632404H12Rik Zbtb40 Pias2 Clcn6 Fam118b Armt1 mt-Nd6 Nsmce2 Amdhd2 Mfsd1"
"DLX1_TARGET_GENES",-0.890587046420902,0.743748708410829,1,223,-0.272361836034173,60,"2900052L18Rik Hexim2 Tvp23a Marcksl1 Sgce Zfp687 2500004C02Rik Igf2bp3 Fitm2 Mllt3 Pkdcc Ercc6l Banp Mthfr Nr2f6 Gm9967 Sp3os Casz1 Fbxl18 Tango6 Oaz2 Eed 4930481B07Rik Slc4a1ap Tuba1b Pdgfc Lrrc41 Prrg2 Rev3l Ciao3 Cdc25a Oxsr1 Fbxo11 Jmjd6 Prkcsh Zc2hc1a Hnrnpc Utp4 E230029C05Rik Bud23 Dolpp1 Zfp608 Tubb5 Nosip Rab6a Sdhaf3 Glul Tns1 Cops7b Gsk3b Ccdc174 Lrch4 Gpc1 Znhit3 Exoc7 Dclre1b Srsf1 Sox4 Nhlrc3 Morf4l1"
"DLX6_TARGET_GENES",-0.94996595696657,0.544063991018804,1,19,-0.400467553431303,2,"Gm15764 Ptpn22"
"DNAJC2_TARGET_GENES",-0.887976037635859,0.635612421697987,1,28,-0.347008334673109,3,"E2f2 Tiam2 Map3k9"
"DNMT1_TARGET_GENES",-1.14590642775937,0.246613731900981,1,72,-0.387914729740618,14,"Arhgef40 Esr1 Slc11a2 Bglap3 Rap1gap Rag1 Lig1 Gabbr1 Def8 Rab7b Tanc1 Vsig10l Camta2 Camsap3"
"DUXBL1_TARGET_GENES",-0.966691884025543,0.559783197831978,1,135,-0.306347338613458,38,"Hexim2 Zfp882 Ptpn22 Bcas1 Kntc1 Smpd4 Cryz Fiz1 Mrnip Polr3h Ugt1a6a Zfp617 Kdm5b Zcchc3 Fbxo10 Prelid3b Ppp1r15b Snhg16 Ppp2r1b Aph1a Mfsd14b Vim Smchd1 Rbm19 Oard1 Nemp2 Tcaim S100a4 Mzt2 D3Ertd751e Cflar Znhit3 Timm10 Exoc7 Ubxn8 Mtfr1 Mob4 Slc19a2"
"E4F1_TARGET_GENES",0.758415931774346,0.986842105263158,1,121,0.185103818134345,18,"Tube1 Fam229b Senp8 Slc35b4 Myo9a Chek1 Zeb1 Pdpr Ubr1 Cep290 Naa30 A930005H10Rik Tgds Ggcx Clec16a Wdr7 Gne Slc31a1"
"EED_TARGET_GENES",-1.16060729445623,0.140655302643666,1,270,-0.351656626468196,48,"2900052L18Rik Kcnq5 Gm11772 Gm13830 Faah Specc1 Bcl2 Tmem267 Nfix Shc4 Lfng Fgf20 Mlkl Camkk1 Tbc1d4 Wnt6 Dnaja4 Mdga1 Cntnap1 Hoxaas3 E030030I06Rik Osgin2 Tox2 Pak6 Kcnk12 Coil Rasgrf2 Celf4 Arpp21 Bahcc1 Glis3 Cacnb2 Ebf1 Fbn1 Dgki Slc35d3 Fam217b Cbx2 Sv2c Slc1a2 Pax5 Egfem1 Hlx Stard10 Maf Cacna1a Zfp64 Evi5l"
"ELK3_TARGET_GENES",-0.764819460281223,0.825386597938144,1,37,-0.285813334352078,4,"Hexim2 Xrcc3 Nectin2 Scrib"
"ELL_TARGET_GENES",-0.869811186460639,0.85169193694146,1,422,-0.259327165779028,115,"1110019D14Rik Tmem231 Tacc3 4933404O12Rik Napb Kif20a Zfp354c Qtrt2 Setmar Catspere2 Zfp607b Cenpl Clba1 Chst10 Fbf1 Ifrd2 Lig1 Ccp110 Cep97 Csrnp2 Banp Dnajc18 Ccdc191 Rcc1l Plekhm1 Scrib Kctd21 Dut Mfsd13a Birc5 Pemt Fiz1 Tango6 Zfp46 Ctu1 Asl Fbxo46 Serpini1 Usp31 Smpd3 BC051226 1700034P13Rik Polk Ints9 Rab29 Lrrc41 Zscan22 Ubqln4 Alkbh8 Cep57l1 Krr1 1700008O03Rik Tmem101 Ing3 Unk Phf23 Ado Timm22 Rangap1 Oxsr1 Cdca3 Rab26os Pafah2 Prkcsh Chchd4 Dedd Hmga1 Cdca4 Tmem11 Higd2a Slx4ip Cdc40 Mgme1 Usp5 Irf3 Tti2 Ncdn Timm21 Zfp672 Sirt4 Rrm1 Smim13 Ccdc163 Tssc4 Sult6b1 Lmnb2 Arv1 Ddx3x Timm13 Sesn1 Taf6 Ptpa Rnaseh2c Zfp235 Dars2 Nr3c1 Htra2 Cops7b Cct3 Crat Ccdc174 Grk4 Galnt2 Zmat5 Exoc7 Capn15 Men1 1700022N22Rik Dnm1l Hsph1 Brd3 Sympk Fen1 Fbxo9 Zcchc8"
"FOXD3_TARGET_GENES",-0.938648719108593,0.653261202408901,1,270,-0.284404590232282,62,"Cd2 Gpr19 Armcx1 Gm12185 Oas1a Vangl1 Igf1 Stmn1 2500004C02Rik Pde7b Meis3 Gm16152 Zfp976 Usp49 Tmem141 Xist Tfpi Cerkl Pbx4 Bbs2 Zfp975 Cbx2 Dok2 Alg13 Stx1a Tg Slc4a1ap Adgrg5 Wrap53 Frmd4b Hmgxb4 Dusp1 Ddx60 Lmo4 Rcc1 Ipo11 Abcg2 Rfc4 Tmsb15b1 Adgrl2 Nrf1 Usp10 1700008O03Rik Myo6 Gt(ROSA)26Sor Hmga1 Tmem11 Abca4 Prps1 Mgme1 Chm Snx13 Tti2 Tmem131l Trmt13 Cep120 Tceal8 Slco2a1 Ptk2b Rabgef1 Dennd2c Fam169a"
"FOXN1_TARGET_GENES",-0.859571869602022,0.849237604766232,1,340,-0.257920573816996,55,"Cep126 Nr4a2 Gm26766 Gtdc1 Mybpc2 Ppargc1a Cdiptos Nfix Gm15420 Mtss2 Crip2 Unc13a Prss16 Stx11 Eps8 4930519P11Rik Akap10 Rbbp8 Pard3 Urb2 Gbp9 Slc12a2 Zdhhc24 Rfwd3 Mcm10 Frg2f1 Gm9929 Jun Secisbp2 Ss18l1 Gbp10 Jup Odc1 Gm38250 Cebpb Nup93 Zfp382 Atp11a Acad11 Gm8066 Mettl18 Zmym5 Ing3 Eif4enif1 Ube3c Hes6 Mrrf Cnot6 Glo1 Enc1 Lonp1 Aimp2 Tgfbrap1 Tfap4 Nisch"
"GADD45A_TARGET_GENES",-0.747348111691237,0.892054667593236,1,78,-0.250718452941349,11,"Atf3 Hmox1 Tmem267 Coil Cep295 Ddit3 Lztfl1 Xdh Hmbs Abcc5 Nnt"
"GLI1_TARGET_GENES",-1.19129519092645,0.135455218356773,1,170,-0.370899868530791,36,"Uaca Oip5 Nuf2 Cdca5 Cenpu Mtss2 Nck2 Nusap1 Lonrf1 Camkv Cep131 Usp2 Caskin2 Bbs2 Syne3 Pitpnc1 Sphk2 Tgif1 Snapc4 Mon1b Bcar3 Tmem140 Zfp169 Smpd3 Tbc1d24 Gm17494 Comtd1 Hck Ccdc63 1700008O03Rik Lrrc75a Gm9530 Nnt Hyal1 Mok Prkcsh"
"GM14296_TARGET_GENES",0.890640251648345,0.829357798165138,1,170,0.211202949374222,31,"Sult2b1 Ddb2 Fbxl22 Tm4sf5 a Mroh1 Kank3 Pacrg Stradb Ppfibp2 Spink10 Tet1 Smtn S100pbp Tyw1 Ino80dos Ube2c Arrdc3 Agap3 Gfi1 Trp53rka Ift172 Tatdn2 Dlgap5 Eif2ak4 Zdhhc5 Zbtb8a Amigo1 Cbfb Stx3 Mis18bp1"
"GM14326_TARGET_GENES",-0.66792316051456,0.987762422196434,1,176,-0.207489184237469,54,"Rad51c Zwilch Crybg2 Gm26885 Sass6 AA465934 Fbxo36 Nme4 Arpp21 Gm15446 Kntc1 Banp Mtus2 Rfwd3 C130036L24Rik Rora Gamt Mcm2 1700008O03Rik Rfx2 Ing3 Lyl1 Kit Il27ra Gm15821 Cep95 Bace1 Rabl6 Atxn3 Klhl18 Nr6a1os Strn4 Trp53i13 Haus5 Tnfrsf1a Srsf1 Jakmip1 Zfp809 Gpr35 Fkbp7 Arhgap27os1 Babam2 Gtf2ird1 Was 2900079G21Rik Mrpl21 Mbtps2 Exosc2 Sdf2 Dnajb2 Ckap2 Akr7a5 Gcc1 Zbtb25"
"GM14393_TARGET_GENES",1.35567746100838,0.0710382513661202,1,32,0.420546084334481,11,"Ddb2 Lhfpl4 Ppfibp2 S100pbp Arrdc3 Ift172 Adat1 Sag Zbtb8a Cbfb Mis18bp1"
"GM14401_TARGET_GENES",-0.937629111855859,0.590962167211583,1,72,-0.317408240944853,28,"AA465934 Cenpl Zfp961 Sugct Abhd8 Etfrf1 Rfwd3 Lamc1 Ctu1 Odc1 Rangrf Mylip Pmaip1 Chchd4 Ccdc163 Rprd2 Dars2 Foxm1 Limk2 Wdr25 Zfp560 Tax1bp1 Rdh10 Nup205 Atp6v1f Timm50 Mplkip Fubp3"
"GM14410_TARGET_GENES",-0.829635048038689,0.715548694920011,1,19,-0.349740867546275,9,"Rfwd3 C130036L24Rik Ptk2b Srsf1 Dnajc15 Mbtps2 Ywhag Pigb Ube2i"
"GM2004_GM14419_UNIPROT_A2ARL5_UNREVIEWED_TARGET_GENES",-0.906801373701276,0.652337944438093,1,85,-0.30062701846109,24,"Eme1 Repin1 Mapre3 Diaph3 Ptpn22 Prdm9 Msrb2 Pnpt1 Rnf19b Utp14b Prpf40b Ado Ska1 Lsr Fam43a Cep95 Arid2 Jund Armc10 4933427D14Rik Mgat5 Calr Pcf11 Naa16"
"GM20449_UNIPROT_E9Q3U2_UNREVIEWED_TARGET_GENES",-0.723564390905603,0.836361014994233,1,16,-0.315948758333768,10,"Hdac7 Mbtps2 Cltc Ubald1 Golga7 Fam149b Mrpl39 Ap1g1 Pgk1 Mitd1"
"GM6710_GM14391_UNIPROT_A2ART0_UNREVIEWED_TARGET_GENES",0.857489855208271,0.688290086493679,1,17,0.310126009428819,2,"Tm4sf5 Ctbp2"
"GM6710_GM14391_UNIPROT_Q8C1K5_UNREVIEWED_TARGET_GENES",0.859068976525213,0.95221843003413,1,235,0.193557162624664,37,"B230322F03Rik Ddb2 Fbxl22 Myo10 Fscn1 Tm4sf5 Mroh1 Mzf1 Pou6f1 Kat2b Snhg17 Stradb Nudt5 Tet1 Smtn S100pbp Tyw1 Ino80dos Ube2c Slc9a8 Gm4285 Ltbp3 Arrdc3 Agap3 Atf7ip Fancd2 Hsd3b7 Trp53rka Ddx20 Ift172 Tatdn2 Sag Sumf2 Tshz1 Mrpl10 Zdhhc5 Mgst3"
"H1_6_TARGET_GENES",-0.935756271662218,0.608066298342541,1,113,-0.301173505151118,19,"Ptges3l Fam161b A230056P14Rik Cntnap1 Gins2 Cnrip1 Xrcc2 Fosb Hus1 Cep131 Cntd1 Pitpnc1 Stac2 Ykt6 Fam222b Sema4a Akap1 Acsf2 Cers1"
"HAND1_TARGET_GENES",-0.901087807516898,0.79855610147398,1,483,-0.26793179309381,94,"Mybl2 Rasgrp3 Kif17 Gm10532 Lrp1 Gpr19 Gadd45g Zmiz1os1 Gm16283 Tmem231 Agrn Tmem88 Hes1 Egfl7 9830144P21Rik Specc1 Ddc Rarres2 Stmn1 Nck2 Tbc1d9 Unc13a Cip2a Slc26a11 Zfp446 Gm13421 Fbf1 Apoo Pde4d Rab11fip1 Usp36 Tfpi Tmem104 Lca5l Marveld2 Banp Ccdc150 Prkcz Sh2d5 Zfp975 Zmym6 Uggt2 Rpusd2 B230217O12Rik Dand5 Rad51ap1 Plpp1 Rora Ypel2 Cgrrf1 Desi1 Lzts1 Lrrfip2 Rrp1b Cmklr1 Gbp10 Tnks1bp1 Tuba1b Ints9 Gm10101 Intu Rcor2 Gm38250 Zc3hav1l Rassf2 Junb Tubgcp3 Ska2 Serpinb9 Rassf1 Dzip3 Smad7 Ppp2r3d Prxl2a Ppcs Ddhd2 Ints14 Myo6 Ing3 Primpol Phf23 Dusp6 Tent4b Hes6 Plekha7 Ska1 Mfsd14b Ncapd2 Prickle3 Prr11 Tfb1m Pgap3 Hdac5 Ppp1r15a"
"HELLS_TARGET_GENES",-0.711647533589104,0.933783165599268,1,84,-0.236207728846761,2,"Strip2 Nuf2"
"HEXIM1_TARGET_GENES",-0.760202034157947,0.946198950725234,1,237,-0.231799519021918,61,"Gpr19 Appbp2os Tmem116 Tab1 Nek2 Plau Csrnp2 Rell2 Ogfod3 Nfs1 Zfp36 Dhrs11 Dusp1 Morn1 Rcc1 Dalrd3 Dennd6b Ccdc138 Tmco3 Twsg1 Junb Slbp Rassf1 Txnrd1 Usp10 Nemp1 Erc1 Mis12 Gt(ROSA)26Sor Hmga1 Mthfd2 Sdhaf2 Pygo2 A330009N23Rik Ugp2 Ppp4r1 Gm16576 Oard1 Dnajb12 Srsf6 Arhgap19 Atxn2 St3gal3 Ier5l Paip2 Uspl1 Efcab2 Gsk3b Nubp1 Coq9 Gm10069 Cd24a Usp19 Dnaja1 Ciapin1 Polrmt 1810055G02Rik Derl2 Gmnn D930048N14Rik Nedd9"
"HIRA_TARGET_GENES",-1.25046075909423,0.183950617283951,1,22,-0.510321688756082,5,"Kcnb1 Zfp607b Unc13a Grik5 Rcc1"
"HLF_TARGET_GENES",-1.06718406207256,0.332955131511088,1,229,-0.326048421483584,27,"Kcnq5 Best1 Kcnb1 Ccl3 Gm15764 E2f8 Qtrt2 Mlkl Dqx1 Tbc1d4 5930430L01Rik Cenpu AA465934 Cenpl Card9 Unc13a Rab40c Cep295 Cacnb2 Ccp110 Cldn12 Ccdc191 Scrib Meis1 Gm26839 Etfrf1 Mtfp1"
"HNRNPK_TARGET_GENES",-1.02841427784645,0.428603705377316,1,95,-0.336684899173447,17,"Gm13830 Shfl Mblac1 Fignl1 Sass6 Fbxo36 Ccdc157 Gm12279 Zfp64 1700025G04Rik Zfp335 Odc1 Abcg2 Suz12 Fam89b Thap1 Enc1"
"HOXA11_TARGET_GENES",-0.788090583282504,0.817911866017342,1,62,-0.271642457064744,11,"Gpr19 Zc3h8 Mettl22 Ints2 Zfp64 Zfp236 Trappc13 Palb2 Poc1b Mis18a Dhx34"
"HOXC10_TARGET_GENES",-1.03256705591783,0.419145605010065,1,105,-0.33510765253969,23,"Trib2 Hmox1 Hes1 Auts2 Tmem267 Zfp607b Tenm3 Gm13421 Mapkapk5 Meis1 Gm26839 Ttll11 Tgif1 Rora A430105J06Rik Hoxa3 1700096K18Rik Ppp2r3d Trappc13 Ing3 Ttc28 G530011O06Rik Fam98b"
"HOXC9_TARGET_GENES",-0.877822448300493,0.780910395735083,1,253,-0.266877645926561,46,"Nudt1 Auts2 Ddc Hdac4 Cdca7 Plxna2 Hoxaas3 Fer1l6 Mrm2 Meis3 Ermap Tenm3 Gm16794 Gm13421 Eps8 Tfpi 2610307P16Rik Cdnf Atxn7l1os2 Zmat1 Meis1 Bbs2 Ttll11 Nudt4 Tgif1 Slc1a2 Fam110b Gm9929 Rora Gnb5 Mrtfb Emid1 Hoxa3 Zc3h11a Slc31a2 Gcnt2 Hmgn2 Map3k4 Tspan5 Gm17494 Bfsp2 Acad11 Klhl35 Alg9 Ing3 Ngdn"
"HSF2_TARGET_GENES",-0.743982358793899,0.847331240188383,1,33,-0.283056047340383,11,"Acot7 Homez Stard10 Rbsn Uspl1 Gm10069 Hsph1 Dnaja1 Stip1 Hsp90aa1 Notch1"
"JMJD1C_TARGET_GENES",-0.865108578546755,0.797191243287898,1,226,-0.26445656325587,58,"Esr1 Hmga2 Msl3l2 Gdf9 Hmox1 Plcl1 1110002L01Rik Mtss2 Crip2 Bcas1 Pde4d Acot7 Trps1 Ino80c Akap10 Nol4l Kcnip3 Tmcc2 Dgki Xrcc5 Fam110b Endod1 Dhrs11 Pnpt1 Pde4b 1500002C15Rik Zfp715 Mcm2 Hmbs Slc6a9 Pyroxd1 Tex30 Mtmr2 Dph3 Runx1 Kit Ppp1r15a Zfp101 Slx4ip Arrb2 Manbal Gm16576 Nat2 Mzt2 Tmem176a Tceal8 Thtpa Tbc1d8b Dnaja3 Rsl24d1 Haus4 Sfpq Clasp1 Pou2f1 Prdm4 Gas7 Nom1 Dnm1l"
"KLF15_TARGET_GENES",-0.689781781787181,0.985055909708433,1,198,-0.212756685024124,37,"Kcnb1 AV099323 Stkld1 Fbxl12os Unc13a Gm10642 Samd1 Gm12063 Lipt2 Dnal1 Triqk Kctd21 Hells 1700086O06Rik 0610009L18Rik Dclk2 Snapc4 Endod1 Sccpdh Pcna Usp31 Eri3 Nrip1 Zfp236 Arl4c Smarcc1 Synj2 Nnt Eif4enif1 Tent4b Sdhaf2 Med22 1700066M21Rik Ppp4r1 Txlng Ncdn Arhgap10"
"KLF6_TARGET_GENES",-1.24054837994475,0.105753424657534,1,124,-0.396318694450372,22,"S100a8 C030034L19Rik Lrp1 1700020L24Rik Cd200r4 2010204K13Rik Casp4 Adgrl1 Tenm3 Cip2a Zfp961 Ppfibp1 Cacnb2 Ddx59 Hfm1 Itpka Pls1 Pagr1a Pomt1 Cdon C030014I23Rik Bst1"
"L3MBTL2_TARGET_GENES",-0.573426318149814,0.999896694214876,1,224,-0.175316591937381,67,"Cenpk Abca1 Tac4 Sgce 3110083C13Rik Gm17259 Gas2 Igf2bp3 Glis3 Zp1 Ipp Ndc80 Pkdcc Nfs1 Slc1a2 2610020C07Rik Copz2 C130036L24Rik Bcar3 Zfp438 Eci1 Kdm3a Tspan5 Ptp4a1 Cyb561d2 Klhl35 Shmt1 Eif5a2 Hmga1 Gpr180 Zfp101 Zbtb43 Zfp574 Ugp2 Tfdp1 Cops7a Rabl6 Timm13 Zfp771 Ppwd1 Nr3c1 Pou2f1 Parp11 Zcwpw1 Ift81 Tmem80 Uqcc2 Gpr35 Rxylt1 Pcmtd2 Apex1 Dnajc13 Mipol1 Cetn3 Dhx40 1110038B12Rik Stag3 Kdm5a Spop Ube2q1 Dpysl2 Cdca7l Ss18 Man1a2 Ubr4 Cdk5rap3 Catsper2"
"LHX1_TARGET_GENES",-1.20011059722272,0.163658921723438,1,96,-0.392420873922685,29,"2900052L18Rik Rasgrp3 Hexim2 Lfng E030030I06Rik Pde7b Fbxo36 Tox2 Zfp976 Rab11fip1 Plekha6 Tmem119 Pym1 Bcar3 Dis3l Evi5l Tmem198b Kdm3a Cul2 5830418P13Rik 1700008O03Rik Gm9530 Dusp6 Fbxo11 Cdc40 Rbm19 Ddx56 Tsen34 Impdh2"
"LMX1B_TARGET_GENES",-1.04742631301796,0.403457480615228,1,41,-0.384391990165846,3,"2900052L18Rik C630043F03Rik Gm15420"
"MAU2_TARGET_GENES",-0.835233853755011,0.747554282987354,1,61,-0.288665407494524,4,"Lix1l Gm10644 Asf1b Lin52"
"MBD1_TARGET_GENES",0.860974615031474,0.659285036380892,1,14,0.329022661903384,3,"Acvr1b Uhrf2 Slc30a1"
"MSGN1_TARGET_GENES",-1.23949747984315,0.163877092180864,1,46,-0.446083261658399,5,"Rasgrp3 Gpr19 Ropn1l Gpt2 Ptgds"
"MSX1_TARGET_GENES",-0.777110651688413,0.946776155717762,1,308,-0.234054939198876,73,"Rasgrp3 E2f8 Nfix Gm26885 1110002L01Rik Cit 5930430L01Rik Trim16 Wdr62 Rorc Gm13421 Cks2 Rab40c Rad54l Bahcc1 Bach2it1 Banp Fam111a Zfp566 Serpinb6b Incenp Disp1 Slc26a2 Mrnip Lamc1 Tmem218 Tg Hmgxb4 Lrrc15 Sertad2 Ccser2 Thbd Maf Zfp367 Eci1 Gsto1 Rnf170 Stk40 Camk2a Ptp4a1 Gfra1 Denr Dtymk Kcnn4 Synj2 Dusp6 Runx1 Fam43a Dynlt1b Nelfa Frat2 Smad3 Mrpl1 Josd1 Slc41a1 Tsen34 Tspyl2 S100a4 Ascc3 Mindy2 Thtpa Hoxa9 Nup50 Fam53b Tns1 Ddx10 Ctif St6gal1 Gas7 Map3k8 Stom Rgs12 Slc19a2"
"MTA3_TARGET_GENES",-0.986720508685095,0.525717213114754,1,250,-0.300016498929815,47,"Gm11772 Gadd45g Sstr2 Rragd Itga5 Auts2 Gpat3 Tmem116 Tmem120b Mreg Dnaja4 Pde8b Hk1os Gm13620 Igf2bp3 Bdh1 Xrcc3 Gm5106 Bahcc1 Plvap 4930519P11Rik 1190005I06Rik Mgat4b Gm10501 Fkbp5 Zcchc2 Frg2f1 Rnf19b Dis3l Spice1 Dab2ip Klc2 Zfp715 Fbxo30 Plcxd1 Phlda3 Rassf2 Cdca8 Utp14b Rev3l Add3 Shq1 Ecsit Abcc5 Kank2 Rbsn Nemp1"
"MYO1C_TARGET_GENES",-0.610659690203904,0.977124584921904,1,51,-0.216321558771285,9,"Map9 Fiz1 Lamc1 Junb Nob1 Wtap Yeats4 Timm21 Atxn2"
"NAA10_TARGET_GENES",-1.10433071669801,0.315833936760801,1,57,-0.385150023650037,21,"Tmem267 AI506816 Coil Gm15446 Fam111a Mettl22 Selenoi Atxn1l Oaz2 Pomt1 Pnpt1 Bst1 Trmt10c Drosha Abcg2 Ttll4 Josd1 Pank4 Pds5b Suco Cpne1"
"NACC1_TARGET_GENES",-0.923470939835971,0.660006309811757,1,183,-0.286231952709279,33,"9830144P21Rik Nfix Per3 Vegfa Slc18a2 2010109A12Rik Akr1b10 A330023F24Rik Unc13a Chst3 Daglb Pick1 Prim2 Csrnp2 Timeless Ddit3 Sv2c Cdon Gm9929 4931414P19Rik Emid1 Pde4b Polk Asb1 Gucd1 Atpaf2 Cenpm Fgd6 Ipo8 Thra Junb Mylip Camk2a"
"NCOA1_TARGET_GENES",0.909285243506292,0.633809099018733,1,37,0.273716452362363,9,"Ino80dos Rpgrip1l Evi5 6330562C20Rik Kdm1a Oxsm Ino80d 1600020E01Rik Dnajb4"
"ND5_UNIPROT_A0A023J5X2_UNREVIEWED_TARGET_GENES",-1.03757428222872,0.370775248219838,1,485,-0.308506600831243,113,"Kcnb1 Tent5c AV099323 Chrnb2 Eme1 Luzp1 Ptges3l Cdca5 Fhl4 Tmem267 Appbp2os Ubxn11 A230056P14Rik Etohd2 Mms22l Cfap74 Sass6 Ccne1 1700084E18Rik Cenpl E030030I06Rik 8430429K09Rik Rnd2 Hk1os Crip2 4930509H03Rik Fbxo36 Stx11 Lin52 Gm13421 Fbf1 C130046K22Rik Gm15952 Enkd1 Ell3 Fosb Nek2 Gm12359 Erf Usp36 Prdm9 Hk2 Lca5l Prim2 Akap10 Vwa2 Dusp18 Plag1 Med9 Plekhm1 Ipo4 Usp2 Ctns Zfp184 Pbk Dok2 Fbxl18 Atat1 Pax5 Rpusd2 Nsun6 Snapc4 Rad51ap1 Rfx1 Cyb5d2 Akap1 Gpalpp1 Pcna Rnf19b Morn1 Gm17690 Dalrd3 Ptpn4 Asb1 Gm15545 Klc2 Tmco3 Gm38250 Ipo8 Chpf Pdgfc Gm31728 Glt8d1 Pyroxd1 Ccdc18 D16Ertd472e Smad7 Ddx46 2810414N06Rik Cdc25a Kif2c Lrrc75a Gm9530 Myg1 Gar1 Dyrk1b Relb Zbtb11os1 Tonsl Chchd4 Pfkfb2 Lonp1 Gnl1 Pgap3 Nup43 Cep95 Stam2 Cacna2d4 Ppm1d Map4k2 Chka Gpank1 Hnrnpc"
"NDUFS2_TARGET_GENES",-0.842653807558766,0.756617394293572,1,83,-0.280029597873295,21,"Gm17638 Fignl1 Cd81 Gm13421 Ifrd2 Mdn1 Pomt1 Ang Odc1 Mybbp1a G530011O06Rik Zfp982 Agbl5 Ptpa Psme3 Ylpm1 Acp6 Ciapin1 Pdia6 Pias4 Acap3"
"NFAT5_TARGET_GENES",-0.876728938008795,0.803911633563032,1,313,-0.263963535415819,64,"Ccl3 Gpr19 Tacc3 Nudt1 Tmem116 Slc5a6 Mms22l Ska3 Cenpt 3110083C13Rik Kif24 Rnd2 Gm15927 Kazald1 Cdc45 Banp 5430416N02Rik Stxbp4 Gm16124 Myef2 Zfp566 Pign Nasp Haspin Tent4a Ddit3 Snhg9 Cul5 Gm36266 Wrap53 Rfx1 Exo5 Rfesd Suv39h1 Chaf1a Tmem79 Icmt Ptpn4 Rbm15 Ehd1 Oasl1 Akap11 Snhg16 Denr Ddhd2 Ssbp1 Dbr1 Pfkfb2 Acot9 Dynlt1b Ppp1r15a Copb2 Pum3 Med22 Nol9 Rnpc3 Etf1 Rxrb Gm20186 Lsm3 S100a4 Chuk Mrpl57 Ankfy1"
"NFATC1_TARGET_GENES",-1.01795472543669,0.441911838538006,1,422,-0.303494962985064,104,"Gbp2 Rasgrp3 Nr4a2 Lix1l Lrig3 Plcl1 Egfl7 Col15a1 Trpm4 Ube2t Snx25 Pid1 Eps8l2 Adap1 Cfap74 Il1rap Trim16 Mdga1 Cenpl Fnbp1l Tenm3 Spsb4 Rab40c Zbtb7b Pde4d Tiam2 Cnn3 E330020D12Rik Cntrob Kntc1 Bach2it1 Adgrl4 Banp Stxbp4 Dtnb Zfp940 Itpkc Pitpnc1 Birc5 Slc1a2 Mcm10 Frg2f1 Nsun6 Fancc Pomt1 Tbl3 Gtf3c5 Gm9929 Zscan2 Tanc1 Fbxo46 Lztfl1 Ccnd3 H2-Ob Rcc1 Hoxa3 Lrrfip2 Abcb9 Gcnt2 Fbxo30 Camta2 Exoc5 Avl9 Peg12 Itgad Cdkn1c Cep104 Gm17473 Rad52 Rwdd2a Primpol Cc2d1b Ifngr1 Apbb2 Erc1 Rpa2 Zc2hc1a Fam98b Vps25 Pus10 Zfp386 Sap30 Slc38a6 Pigu Rad18 Hnrnpc Sesn2 Smg9 Rnpc3 Cd82 Hk1 Bnip1 Cd72 Pank4 Arhgap19 Ccdc163 0610043K17Rik Ppa1 S100a4 Ddx3x Inpp5a Ascc3 Usp53 Uhmk1"
"NFE2_TARGET_GENES",-0.867957152684772,0.833990098009498,1,338,-0.260502537141708,63,"Gm12758 Atp8b4 A630095N17Rik C030034L19Rik Myo1e Agrn Loxl3 Mast2 Pcyox1l Pcbp3 Asf1b Sass6 Adgrg1 Ankle1 Cenpu Tmem38a Mllt3 Tmcc2 Ttll11 Ints2 Slc1a2 Pla2g12a Fancc Asl Lztfl1 Tdrd7 Nsmce1 Maml3 Lrrfip2 Ss18l1 Zfp367 Creld1 Nol11 Ehd1 Thra Nt5dc3 Stk40 Serpinb9 Pgs1 E030042O20Rik Smyd4 Txnrd1 Usp10 Cd1d1 Dnajb9 Numbl Smim3 Txlnb Zer1 Stam2 Rnf113a2 Wdfy3 Arrb2 Zfp574 Cst7 Snrpc 2900093K20Rik Cdc42bpa Timm13 Zfp771 Csgalnact2 Tpp2 Treml2"
"NR0B2_TARGET_GENES",-0.969746980989232,0.593913218159904,1,413,-0.289275410194992,117,"2810408I11Rik Gm13830 Zfp335os Luzp1 Bcl2 1810062O18Rik Ccnyl1 C330013E15Rik Snx25 Cecr2 2010109A12Rik Zfp687 Rnd2 Baiap2l1 Rabl2 Ccdc157 Rhebl1 Asap1 Trps1 4930519P11Rik Gabbr1 Col23a1 Kifc5b Tmem104 Pkd2 Heatr5a Smc5 Plag1 Urb2 Mapkapk5 G2e3 Rcc1l Pign Spryd7 Prkcz Tent4a Dut Nr2f6 Ccdc86 Socs6 Endod1 4930481B07Rik Ccnf Jun Lztfl1 Usp31 Stard10 Grpel2 Mxd3 Dnaaf5 Galnt10 Odc1 Pold3 Ccsap Ehd1 Zfp846 Lrrc41 Akap11 Mylip Zfp523 E030042O20Rik Denr Pigf Ripk2 Rfx2 D730003I15Rik Usf2 Ppp2r1b Mis18a Runx1 Eif5a2 Ncapd2 Prkcsh Pfkfb2 Eif2ak2 Rbm14 Gnl1 Slx4ip Stam2 Eftud2 Alcam Wdfy3 Smg9 Ugp2 Cyren Zfp672 Sergef Etf1 Nsun2 Cdc42bpg Plpp5 A530072M11Rik Shf Tm7sf3 Polr3f Pithd1 Nr3c1 Gdpgp1 Nfxl1 Exoc7 Zfp661 Ing1 Kmt5b Tmem80 Sri Taf9 Fam76a Sh3rf1 Phc2 Dennd4a Lss Nhlrc3 Tcp11l1 Zcchc8 Prdx1 Sf3a1 Acadl"
"NR2F2_TARGET_GENES",-0.907698160872113,0.705924930203702,1,220,-0.277870974034293,37,"Rragd Nudt1 Ppat Tmem116 Rarres2 Qtrt2 Etohd2 Mrm2 6230400D17Rik Unc13a Dtx4 Tenm3 Usp49 Zfpm1 Smc5 Ccdc191 Gbp9 Mtx3 1700056E22Rik Plpp1 Pctp Maml3 Ing2 Desi1 Zfp438 Zfp367 1700025G04Rik Eri3 Pold3 Chpf Arl6ip6 Klhl35 Prkce 4930505N22Rik Lrrc75a D330023K18Rik Ado"
"NRD1_TARGET_GENES",-0.734233331514995,0.992083375087684,1,498,-0.218181761482666,111,"Atf3 2810408I11Rik Gadd45g Gm16062 Hmox1 Hes1 Stamos Ccnyl1 Gm15834 Cdk1 Lfng Fos Tnfrsf12a Dtl Fbxl12os Pik3r3 8430429K09Rik Tk1 Mttp Zbtb7b Slc25a29 Plau Kntc1 Sugct Hells Mthfr Ddit3 Gm12279 Cenpn Ccdc9b C130036L24Rik Sertad2 Jun Rcc1 Dis3l A430105J06Rik Tuba1b Rad1 Rbm15 Brix1 Ighmbp2 Junb Syvn1 2810405F17Rik Eaf1 Slbp Rexo4 Arl6ip6 Pdcd2 Dhx33 Ndufaf1 Krr1 E030042O20Rik Paxip1 Txnrd1 Trp53rkb Dusp6 Myg1 Suz12 Rab26os Dcp1a Cebpz Vim Ubox5 Vps25 Orc2 Ppp1r15a Txndc12 Bms1 Cdc7 Klhl20 Ppm1d Tmpo Hnrnpc Mrpl1 Ddx56 Yeats4 Rnpc3 Snrpc 2900093K20Rik Chordc1 Tti2 Zbtb6 Strada Aggf1 S100a4 Taf12 Tpm1 Taf6 Pelo Tob2 Calr Glul Gm19569 Klf10 Cct3 Srsf5 Naa16 Clasp1 Taf5 Ecd Ncl Dclre1b Pls3 Ube2f Mrpl53 Psmg3 Ewsr1 Sri Klhdc4 Ccnt1"
"PARP1_TARGET_GENES",-0.68655850940134,0.983157894736842,1,180,-0.212943341666131,40,"Chrnb2 Lck Cntnap1 Kif11 Fgfrl1 Meis3 Fancb Lrrc24 Pard3 1700086O06Rik Zdhhc24 Cenpn 2610020C07Rik Def8 Ccnf Orc6 Gamt Smpd3 Zc3h11a Klc2 Chpf Adam9 Drosha Cul4a Txnrd1 Synj2 Alg9 Cc2d1b Hmces Pkd2l2 Sap30 Abhd4 Cdk4 Cux1 Strada Zswim8 Mzt2 Rsl1d1 4933427D14Rik Cand1"
"PCGF5_TARGET_GENES",-0.769598439658105,0.975533941642435,1,472,-0.228958021489282,82,"Hexim2 4930579G18Rik E2f7 Egfl7 Mast2 Bcl2 2510017J16Rik Dqx1 Mapre3 Adap1 Gpt2 Hyal2 Clcn2 Suv39h2 Cenpl Exo1 Tenm3 Ets2 Tk1 Samd1 Xrcc2 C130046K22Rik Nek2 Plekha6 Trmt10a Gm26779 Ddx59 Kifc5b Chtf18 Dusp18 Cep131 Ipo4 Cox7a1 Gtf2ird2 Etfrf1 Ddit3 Tyw3 Cryz Disp1 Frg2f1 Slc4a1ap Gal3st4 Gpn2 Arhgap29 Hotairm1 Ccser2 Prkab2 Tdrd7 Smpd3 Dis3l Tbc1d24 Dab2ip Icmt Dhrs13 Celsr1 Ppp1r15b Rfc4 Rassf1 Arl4c Iws1 Ddx46 Mapkbp1 Gm9530 Rcor3 Plekha5 Ccna2 Fcsk Hmga1 Sac3d1 Vps25 Orc2 Abca4 Cep95 Sap25 Wdfy3 Rad18 Agbl5 Zbtb11 Lmbrd2 1810044D09Rik Aprt Josd1"
"PDX1_TARGET_GENES",-0.749321351060308,0.95922131147541,1,250,-0.227834291817906,42,"2900052L18Rik Galnt3 Ppargc1a Fam135a Gm16253 A730061H03Rik Rnd2 Il18 Bcas1 Rab40c Cdnf Pkd2 Ppm1l Kctd6 Fam110b Spc25 Frg2f1 Def8 Slc4a1ap Tanc1 Rora Asl Prkab2 Fbxo46 Polr3b Ogg1 Lmo4 Kdm5b Fzd5 Chaf1a Spred2 Zfp236 Tspan5 Bclaf3 Smad7 Gpkow 1700008O03Rik Zc3h12d Ing3 Mtfr2 Rcor3 Dusp6"
"PHF13_TARGET_GENES",-0.943515388639218,0.553206002728513,1,23,-0.382014158930434,3,"Lekr1 Pign Uggt2"
"PML_TARGET_GENES",1.18785483262334,0.167088607594937,1,47,0.341450735601109,18,"Hspb6 Aqp7 Adap2os Cep128 1700028E10Rik Tle6 Spo11 Dgkq Frmd8os Sfi1 1810034E14Rik Mink1 Neat1 BC034090 mt-Nd6 Poglut2 Bivm mt-Nd5"
"POU3F3_TARGET_GENES",-0.685962188560312,0.979369445619975,1,169,-0.213642079236326,25,"Rasgrp3 Gadd45g Agrn Lfng Ahcy Rap1gap Fbxo47 Bahcc1 Stxbp4 Kcnab3 Frmd4b Ogg1 Maf Pde4b Tnks1bp1 Prkrip1 Asb1 Tmem198b Tut1 Atpaf2 Sntb2 Trp53rkb Dusp6 Hes6 Rab26os"
"PROP1_TARGET_GENES",-0.718265178385479,0.994885166984254,1,480,-0.213606135633929,102,"2900052L18Rik Cep126 Hexim2 Gpr19 Gm16062 Ptges3l Slc5a6 Shc4 Nicn1 Pfkfb3 Cnksr3 Gm15927 Pde7b Osgin2 Wdr62 Nt5dc2 Klhl12 Spsb4 Clspn Kif20b Mttp Mpp4 Akap17b Tmem119 Prdm9 Zp1 Kntc1 Myadml2 Tmem69 Cox7a1 Cryz Mrnip Fam110b Cul5 Tg Mon1b Gm9929 Mfap3l Bcar3 Hmgxb4 Sertad2 Enho Dusp16 Snhg6 Lrrfip2 Pde4b Zc3h11a Tnks1bp1 Prkrip1 Tmem198b Adgrl2 Mrps31 Coq6 Gpkow Paxip1 Txnrd1 Tpx2 Tinf2 Lmnb1 Tent4b Tm9sf4 Ssbp1 Adra1b Dhx34 Tnk2 Zbtb11os1 Fcsk Hmga1 Sacs Orc2 B130055M24Rik Cdc7 Sdf2l1 Hjurp Tti2 Ift57 Rad51b Rrm1 Spata1 Zfp608 Kdsr Lsm2 Csgalnact2 Uhmk1 Suco D3Ertd751e Pelo Paip2 Tbc1d8b Rabgef1 Gm27003 Ctdspl2 Bod1 Nek9 Rtl8a Nucks1 Cflar Inpp1 Arl2bp Nup54 Clasp1 Taf5"
"PSIP1_TARGET_GENES",0.987627303230351,0.473581213307241,1,16,0.362927479241846,7,"Zdhhc2 Sfi1 Rnf14 Ino80d mt-Nd6 mt-Co1 mt-Nd2"
"REL_TARGET_GENES",-0.927405149767513,0.71544797107272,1,413,-0.276644846929329,52,"Gbp2 Lrrc49 Oip5 Ccl3 Gpr19 Zmiz1os1 Aoah Itga5 Agrn C030005K06Rik Klhl3 Serpina3f Abca1 Gpr85 Casp4 Clcn2 Tbc1d4 Gm8013 Ptpn3 Kif11 Hk1os Dtx4 Cd40 Gtf3c4 1810062G17Rik Stx11 Gm16794 Rab11fip1 Irgq Trps1 Spa17 Cd86 Cdnf Bach2it1 Saa3 Gbp9 Ccl6 Gbp7 Itpkc Mfsd13a Tgif1 Gbp6 Sema4a Wrap53 Plpp1 Ckap2l Ddx60 Smpd3 Lrrfip2 Zbtb21 Gbp10 Zfp335"
"RFX6_TARGET_GENES",-1.02413680773655,0.426807045960721,1,328,-0.307797091746263,58,"Fbxl2 Map9 Lrrc49 Arhgef40 Gadd45g Rab11fip4 E2f7 Myl4 Sstr2 Dnajc12 Faah Nudt1 Gpat3 Gm42722 Lrrc8b Dync2li1 Yod1 Mapre3 Nfil3 Cfap74 Mdga1 Zfp653 Pfkfb3 Clba1 Lin9 Gm12592 Gtf3c4 Slc25a29 Nek2 Rasgrf2 Slc25a10 Lins1 Med9 Ccdc126 Tctn3 Snapc4 Uckl1os Llgl1 Cd55 Dalrd3 Tctn1 1700025G04Rik Ptpn4 Ccdc138 Tubgcp3 Tiam1 Camk2a Cul4a Arl4c Ncoa5 Tmem121 Ffar4 Gsdme Rnf141 Myo6 Trp53rkb Apbb2 Dusp6"
"RHOX11_TARGET_GENES",-1.32091136055546,0.120472229675342,1,26,-0.522356295887728,10,"Gm15764 Cenpu Zfp113 Tnks1bp1 Gucd1 Lrrc41 Pex12 Tmem101 Jmjd6 Lonp1"
"RPA2_TARGET_GENES",-0.694351844027211,0.893775823004132,1,28,-0.271342769242487,6,"Il15ra Ppfibp1 B9d1 Nsmce1 Tpst1 Lmln"
"RTF1_TARGET_GENES",-0.775281407096236,0.925818782932121,1,221,-0.237179863194599,53,"Atf3 Zwilch Gm26885 Fos Igf2bp3 Cnn3 Eps8 Mir17hg Gm10501 5430416N02Rik Gm9958 Tgif1 Snhg9 Gm12279 0610009L18Rik Fbxw8 Ipo7 Tanc1 Rcc1 Ang Cdkn1a Mcph1 E030042O20Rik Pum1 Flna Klf16 Ofd1 Dusp6 Runx1 Vim Txndc12 Mgme1 Arid2 Med22 Agbl3 Tfdp1 Wdr36 Etf1 Atxn2 Lsm2 Tpm1 Uck2 Tob2 Sdhaf3 Cflar Tns1 Efcab2 Sfpq Ecd Gpc1 Ankrd46 Psmg3 Kmt5b"
"RXRG_TARGET_GENES",0.856668934829557,0.697802197802198,1,26,0.278245560369144,2,"Oxnad1 Mylpf"
"SAP30_TARGET_GENES",-1.12482132431458,0.221367699023072,1,208,-0.345599951465716,90,"Nuf2 Gdf9 Tacc3 Slc11a2 A230056P14Rik Mms22l Fos 3110083C13Rik Sass6 Cenpu Lrrc24 Trip13 Gm9903 Ndc80 Rtel1 Zfp113 Haspin Birc5 Pbk Frg2f1 Ccnf Ipo7 Pomt1 Taf4b Polr3b Gpalpp1 Rcc1 A430105J06Rik Zdhhc7 Polk Smc4 Gm15545 Trmt2a Hmgn2 Gm31728 Rexo4 Mcph1 Krr1 Dph1 Cdc25a Kif2c Tpx2 Tmem101 Trmt61a Mtfr2 Nnt Gar1 Dcp1a Ccna2 Dgka Bms1 Zer1 Tfap4 Mgme1 Nol9 Trim27 Atp6v0a2 Trmt13 Med26 Slc25a32 Psme3 Mrpl48 Glyr1 Dnaja3 Upf3a Ect2 4921531C22Rik Pou2f1 Fam53a Sucla2 Gm27017 Rfc5 Nipa2 Nsl1 4930532G15Rik Mcm7 Nkapd1 Nufip1 Dhx40 Ap4m1 Arl16 Kdm5a Clpp Ube2q1 D330041H03Rik Nuak1 2500002B13Rik Map1lc3b Scaf8 Cltc"
"SATB2_TARGET_GENES",-0.990510669559511,0.489049308699376,1,53,-0.348958369818215,9,"Myl4 Brsk2 Cenpu Tspan6 Dab2ip Kdm3a Gdpd5 Cdc27 Abca4"
"SIRT1_TARGET_GENES",-0.8141882445792,0.881915772089182,1,228,-0.248826116217252,41,"Gm43522 Gtdc1 Fcmr Bank1 Ccr7 9230104M06Rik Rad54b Sgce Il15ra C430042M11Rik Rap1gap 8430429K09Rik Mpp4 Gabbr1 Pard3 Plag1 Atxn7l1os2 Gbp9 Fam184a AI429214 Itpkc Pbk Gm26670 Cand2 Synpo2 Ints9 Ipo8 Drosha Abcg2 Ddx46 Ccdc180 Atg2a Ppp2r2d Zfp982 Trim44 N4bp2l1 Uckl1 Fam221a Atg13 Parg Mctp1"
"SIX6_TARGET_GENES",-1.15947075625416,0.28360539389638,1,18,-0.495110600873761,7,"Lrp1 Bahcc1 Trim45 Runx1 Smad3 Csgalnact2 Aldh3b1"
"SMAD6_TARGET_GENES",-0.969728114023454,0.521106080998409,1,53,-0.341636644850079,13,"Slc25a27 Cdca5 Zfp882 Zbtb7b Rbbp8 Nr2f6 Ap5b1 Jup Hps4 Tinf2 Josd1 Rlf Traf2"
"SMARCA2_TARGET_GENES",-1.05653631251311,0.376668855329394,1,125,-0.337324814425092,43,"Gpr19 Chrnb2 Aunip Nudt1 Ddc Mrm2 Unc13a Zbtb7b Lrrk2 Mtcp1 Patj Haspin Mrnip Frg2f1 Vegfc Maml1 Hmgxb4 Dusp1 Gcnt2 Ehd1 Btaf1 Ago1 Cdca3 Tnk2 Nrbf2 Dedd Brcc3 Chka Usp5 Srsf6 Tpp2 Mtrf1l Tob2 Upf3a Grk4 Zbtb44 Glipr2 Nup54 Taf5 Slc39a3 Esf1 Uchl1 Cbx1"
"SMARCC2_TARGET_GENES",-0.838899519841554,0.844582043343653,1,230,-0.256239909303956,29,"Best1 Rab11fip4 Slc11a2 Zfp867 Trpm4 Gm15834 Gpr85 Timd2 Pid1 Igf1 Gimap7 A330023F24Rik Cd22 Fbxo36 C2cd2 Fbf1 Celf4 Lrrk2 Daglb Ephx1 2610307P16Rik Ino80c Stau2 Akap7 Smc5 Ppm1l Gbp9 Kcnip3 Ttll11"
"SMCHD1_TARGET_GENES",1.03500092023142,0.379027163613392,1,62,0.283090740115089,6,"Arhgap31 Cuedc1 Rnase4 Gm11205 Gin1 Gpr137"
"SOX13_TARGET_GENES",-0.481668782523017,0.99771776340814,1,42,-0.176254290447821,19,"A730017L22Rik Pidd1 Zdhhc7 Rad52 Palb2 Hk1 Cops7a Hras Urgcp Larp1b Abcd3 Ezr Ss18 Arl8a Rnf44 Apbb1ip Lrrc56 Stat5b Atrn"
"SOX15_TARGET_GENES",-1.08816182506345,0.376642551306659,1,13,-0.497300064311344,5,"Ptpn22 Glis3 Eps8 Fancc Gsto1"
"SOX5_TARGET_GENES",-0.65089972203311,0.897829617599291,1,13,-0.297467220565678,4,"Zscan2 Atxn7l2 Txndc12 Tmem161a"
"SOX6_TARGET_GENES",1.02388587961435,0.376984126984127,1,137,0.247190099495361,39,"Otub2 Lysmd4 Ppp2r3a Myo10 Hspb2 Met Gm14137 Wls Cnot6l Apbb1 Dzip1 Smcr8 Neurl2 Gm5547 Fbxl12 Shb Prtn3 Ptprf Pold2 Slc12a8 Arhgap18 Irak2 Adam19 Rassf7 Iqcg Foxk2 Svil Fbxl19 BC034090 Lpcat3 Fgd4 St3gal2 Rnf122 Plec Tnrc18 9930004E17Rik Ehbp1 Pin4 Manba"
"SOX7_TARGET_GENES",-0.684566158191431,0.929615861214374,1,49,-0.244058798530796,14,"Gins1 G2e3 Gm12279 Zscan2 Celsr1 Abcg2 Ydjc Arid2 Frat2 Vangl2 Hmgb1 Midn Bcl2l11 Tedc2"
"SPIB_TARGET_GENES",-0.72564324812784,0.972004132231405,1,227,-0.221830867742289,33,"Ms4a1 F730311O21Rik Gm26766 Col15a1 Tmem116 Slc14a1 Ptpn22 Meis3 Ercc6l Limd2 Isg20 Caskin2 A630001G21Rik Ccdc86 Alg13 Snhg6 Irgm2 Ipo11 Ehd1 Exoc5 Rassf1 5830418P13Rik Nfkbid Hid1 Alg9 Tagap Eif4enif1 9130604C24Rik Ssbp1 Lyl1 Eri1 Serpinf1 Rgs19"
"SRSF1_TARGET_GENES",-0.807821717945303,0.938629971876256,1,415,-0.240942856624529,93,"Nuf2 Shfl Noxo1 Cdiptos Fignl1 Specc1 Zfp354c Sgo1 Pcyox1l Bicd1 Pde3b Brca1 Zfp882 Cenpl Rnd2 Osgin2 Dok4 Gm10642 Gm16794 Akap10 Mllt3 Slfn9 Akap7 Dusp18 Pbx4 Cntd1 Ctns Tctn3 Zmym6 Shpk Nmnat1 Atat1 Endod1 Bcl2l1 Gm5577 Dusp1 Tnfrsf22 Ccnd3 C920021L13Rik Rcc1 Secisbp2 Eci1 1700034P13Rik Gm15545 Nr1h2 Rab29 Rgs2 Ighmbp2 Glt8d1 Abcg2 Cdca8 Oasl1 Gm16638 Cercam Cep104 Mmab Asnsd1 Mthfd2l AU041133 1700008O03Rik Utp18 Thap1 Helz G530011O06Rik Rbm14 Ttll4 Dynlt1b Pigw Agbl5 Parg Mrpl1 Sergef Mettl5os Tssc4 Taf12 Dph7 Polr1b Coa3 4933427D14Rik A530072M11Rik Ptpa Uspl1 Blzf1 Glyr1 Ctdspl2 Dars2 Zfp599 Glul Snx14 Upf3a Crat Zfp963 Cspp1"
"STFA1_TARGET_GENES",-0.711665896377653,0.99052705834929,1,365,-0.213036434577925,90,"Gm16573 Faah Ccdc57 Abca1 Slc5a6 Asf1b Sh3d21 Bard1 Ccne1 Akr1b10 Ankrd24 Il12a Zfp961 Psmc3ip Xylb Lrrk2 Ephx1 Nqo2 Slc25a10 Akap10 Rtn4ip1 4930520O04Rik Prdm11 Fkbp5 Zfp184 Spata2l Nr2f6 Aptx Trp53inp2 Pomt1 Zfp526 Akap1 Gabpa Traip Zfp617 Slc31a2 Thra Zbtb12 Rfc4 Fbxo21 Comtd1 Gm16638 Nfkbid Ciao3 Camsap1 Ppcs Klf16 Commd5 Lysmd2 Dph3 Znrd2 Rpa2 Serpinb1a Plekha7 Vim Pafah2 Hdac5 Cyp2u1 Smad3 Mrpl47 Cdk4 Sergef Blm Cmpk1 Whamm Ptpa Mtrf1l Abr Etfa Snx14 Tns1 Efcab2 Crat Lrch4 Zmat5 Timm10 St6gal1 Coq9 Kri1 Atf4 Itgax Kmt5b Ncor2 Ciapin1 Sord BC025920 Ube3a Ei24 Fggy Dhx32"
"TBX4_TARGET_GENES",-1.18357801436826,0.177700738089913,1,105,-0.384116506254384,27,"Gm11772 Specc1 Cenpu Igf2bp3 Tenm3 Fbxo36 Pde4d Bahcc1 Cacnb2 Smc5 Eva1b Dnaaf5 Pold3 Hmgn2 Gm17494 1700096K18Rik Usf3 Mtfr2 Mov10 Psmg1 Slx4ip Lmln Atg13 Sesn1 Uck2 Hoxa9 Glul"
"TEAD2_TARGET_GENES",-0.851190850161201,0.883734939759036,1,423,-0.253784755385649,113,"Orc1 Rmi2 Ppat Gpr85 Hdac4 Adap1 Zfp687 Il1rap Kif24 Pros1 Siah1b Ankrd24 Rorc Il18 Bcas1 Map7 Prim1 Zbtb7b Asap1 Arpp21 Bahcc1 Zp1 Pus7l Sh3bp5 Mcm5 Urb2 Gm16712 Ndufaf6 Kcnab3 Irf6 Gpr174 Hdac6 Phyhd1 Snapc4 Pogz 4930481B07Rik Zfp46 Pagr1a Wrap53 Tanc1 Kif4 Zfp169 Lrrc15 Sertad2 Hinfp Dab2ip Lypla1 Creld1 Spred2 Gm15545 Gcnt2 Klc2 Kdm3a Hdac7 Stk40 Ppp1r15b Naglu Comtd1 Atp11a Zfp580 Adgrl2 Glmn Ift122 Trappc13 Ccdc63 Palb2 Txnrd1 4930563E22Rik Rpusd3 Ubqln2 Gm9530 Ngdn Plekha7 Gale Dlg3 Akirin2 Gpr180 Cdc7 Fam221a Rad18 Hnrnpc Parg Mad2l1 Mctp1 Chordc1 Cdk4 Sergef Gde1 Nmd3 Nsun2 Atp6v0a2 Ppa1 Slc35a2 Myo1h Cdc42bpa Inpp5a Ptpa Pelo Abca7 Ptk2b Map4k1 Parp3 Zc3hc1 Pvr Lrch4 Parl Ect2 Msh2 Timm10 Zcwpw1 Pqbp1 Pls3 Adrm1"
"TERF1_TARGET_GENES",-0.917544693773527,0.626848294329957,1,75,-0.309249810956524,21,"Nudt1 Mms22l 3110083C13Rik Cdca7 Rap1gap Gm13421 Haspin Akap11 Snhg16 Denr Ddhd2 Ssbp1 Pfkfb2 Nol9 Tti2 Vps36 Ankfy1 Taf6 Styxl1 Coq9 Sucla2"
"TGIF2_TARGET_GENES",0.905606537399748,0.765350877192982,1,121,0.221028093921942,32,"Otub2 Mylpf Per2 Slc35e4 Pfn2 Tbc1d2 Atg9a Zhx3 Snx32 4930473A02Rik Scrn1 Pcx Abhd18 Urod Poc5 5730522E02Rik 6430590A07Rik Cep44 Pusl1 Arhgap1 Stard7 Ppp1r3e D030028A08Rik Slc30a1 Trappc10 Kti12 Txndc16 Ccpg1 Herpud1 Smim5 Mbd6 Zc3h7a"
"THRB_TARGET_GENES",-0.668392123402182,0.966453674121406,1,86,-0.221215807743072,12,"Tmem267 Ppat Gm16253 Cldn12 Trp53inp2 Rab7b Sertad2 Zfp677 Jun Thra Gm9530 Ado"
"TLX1_TARGET_GENES",-0.900305118123366,0.749414042596556,1,286,-0.272222420868201,82,"Gm15764 Rrm2 Qtrt2 Gm16253 Setmar Cenpu Cnksr3 8430429K09Rik Dtx4 Pdgfrb Rad54l Ifrd2 Bahcc1 Ccp110 Eps8 Nqo2 Fitm2 Mei4 Banp Cldn12 Ccdc191 Serpinb6b Tmcc2 Meis1 D7Ertd443e Zmym6 Disp1 Pemt Endod1 Sertad2 Tec Ccnd3 Maf Evi5l Ints9 Kdm3a Ighmbp2 Ska2 Cdca8 Stk40 Pyroxd1 Rassf1 Tusc2 Dhx33 Mrps31 Krr1 AU041133 1700008O03Rik Ing3 Nnt Unk Dusp6 Uxs1 Rangap1 Cdca3 Mis18a Ssbp1 Crls1 Chchd4 Prr11 Zfp386 Usp5 Parg Smad3 Fgl2 Rrm1 Aprt Smim13 Ccdc163 Arv1 Timm13 Etv1 Zfp784 Pelo Rnaseh2c Cdk11b Brpf1 Grk4 Rasa4 Zfp963 Znhit3 Kdm8"
"TOX3_TARGET_GENES",-0.67336310420891,0.947773567029844,1,65,-0.231001145556306,17,"C630043F03Rik Pcbp3 Pik3r3 Zcchc2 Socs3 Dusp1 Utp14b Gfra1 Gm7160 Nemp1 Chka Hmgcr Tspyl2 Suco Abr Brpf1 Gsk3b"
"TRP73_TARGET_GENES",-0.768640277525598,0.944416062123225,1,263,-0.233193452385209,72,"Soat2 1810062O18Rik 2810021J22Rik Tmem267 Sass6 Ptpn22 Fabp5 Prim1 Coil Pacs1 2610307P16Rik Gm9903 Pard3 Pidd1 Syne3 Incenp Eed Ugt1a6a Ap5b1 4930522L14Rik Rcc1 Dis3l Elp6 Pold3 Phlda3 Mtmr4 Mst1 Tiam1 Zscan25 Dcaf4 Kcnn4 Gm9530 Dusp6 Ppp2r1b Rgs1 Rab26os Hyal1 Tnk2 Gm26631 Pmaip1 G530011O06Rik Ube2e2 Smad3 Smg9 Mgat2 E230029C05Rik Gde1 Fbxo34 Ggt5 Lsm3 Mapkapk3 Mindy2 Ptpa Wdr46 Gm27003 Hras Anapc13 Ecd Rcc2 Parp11 Fam53a Apaf1 Kri1 Map3k8 Icam1 Txlna Agpat5 Mdm4 Ei24 Tax1bp1 Rnf123 Ezr"
"TRPS1_TARGET_GENES",-1.04149006930835,0.37120371304611,1,355,-0.31212628529908,71,"Atf3 Lrp1 Pole Gdf9 Aqp3 Hes1 Zwilch Egfl7 Rrm2 Ccdc57 Gm16253 Hyal2 Trim16 Gpld1 Crip2 Slc26a11 Cenpv Trps1 Eps8 2610307P16Rik Sh3bp5 Rbbp8 Gpatch1 AI429214 Isg20 Ogfod3 Cox7a1 Mfsd13a Ints2 Dok2 Fiz1 Fam110b Mon1b Gm9929 Tmprss4 Frmd4b Sertad2 Bst1 Dtd1 Dab2ip Ints1 Galnt10 Dennd6b Gcnt2 Ints9 Rad1 Havcr2 Brix1 Hdac7 Nt5dc3 Oasl1 Snhg16 Tex30 Lactb2 Abcb8 Ciao3 Dph1 Mettl18 Apbb2 Commd5 9130604C24Rik Fbxo11 Dcp1a Ccna2 Vim Pafah2 Smim3 Nt5c3b Vps25 Slpi Ikbke"
"TWIST1_TARGET_GENES",-0.861215889154447,0.721303841676368,1,74,-0.290774003128641,16,"Dscc1 Sh2d6 Tmem267 Il12a Hspa2 Tppp 9930012K11Rik Prdm11 Cep131 D7Ertd443e Ovca2 Vsig10l Ppp1r15b Zfp382 Pum1 Utp18"
"UBN1_TARGET_GENES",-0.87986020324183,0.675248473236738,1,60,-0.30488692866949,19,"Ccdc39 Tmem267 Sgce Lin52 Coil Nr2f6 Secisbp2 Cebpb Abcg2 Eef1e1 Nup43 Dynlt1b Mxi1 Mrpl48 Dynlt1a Smarca5 Cacybp Polrmt Dhx32"
"UBN2_TARGET_GENES",-0.906395746848322,0.698959756225701,1,185,-0.280735272846605,34,"Gpr19 Zfp30 Bcl2 E130215H24Rik Tmem267 Pde7b Cenph Rorc B3gnt5 Tox2 Coil Ifrd2 Dnal1 Prim2 Zfp874a Atp6v1g2 Kctd6 Katnbl1 Llgl1 Ckap4 1700025G04Rik Ppp2r2a Cebpb Zfp236 Paip2b Abcg2 Ydjc Ptp4a1 Acat2 Phf10 Rasa2 Usp16 Helz Iqce"
"WDR5_TARGET_GENES",-0.578031925520711,1,1,417,-0.172400945834788,124,"Hexim2 Repin1 Iqck Gm15420 3110083C13Rik Zfp507 Gm26513 Il1rap Gas2 Wdhd1 Mttp Slc25a29 Trmt10a 4930519P11Rik Cenpw Trip13 Rad51 5430416N02Rik Lonrf1 Limd2 Rcc1l Gkap1 Snip1 Abitram Incenp Gtf2ird2 Pls1 Sphk2 Snhg9 Nr2f6 Slc26a2 Snhg20 Frg2f1 Actn2 Zfp438 Cdkn1a Mxd3 Hcfc2 Gm15545 Ppp2r2a Tjap1 Sdc1 Kdm3a Fbxo30 Cul2 Rgs2 Serf1 Akap11 Ptp4a1 Klhl35 Ppp2r3d Gdpd5 Prxl2a Dctd Pum1 Klf16 Sgf29 Eif5a2 Cct6b Klhl25 Med22 Frat2 Ece1 A330009N23Rik Ugp2 Oard1 Tmem131l Cops7a Gde1 Hmgcr Rabl6 Pold1 Pigm Prpf3 Usp53 Senp1 Syce2 Rnf168 Rprd2 Nr3c1 Cops7b Optn Cchcr1 Anapc13 Parl Ddx10 Knop1 Pou2f1 Zcwpw1 Rfxap Gm10069 Vps51 Atad3aos Uqcc2 Tusc1 Uchl1 Tstd2 Pmpcb Bbx Lamtor1 Klhl28 Ap1ar Akt3 Map3k10 Dhx40 Prpsap1 Cers2 Tcof1 Stag3 Zfp329 Unc45a Hmgn1 Clpp Spop Ube2q1 D330041H03Rik Alkbh5 Alad Glg1 Ppil1 Hectd3 Fbxo7 Prpf19 Crem"
"ZBTB16_UNIPROT_A3KMN0_UNREVIEWED_TARGET_GENES",-1.00659213483332,0.470811114229582,1,19,-0.424338879286889,2,"Pla2g4a Tab1"
"ZBTB24_TARGET_GENES",0.623331384776921,0.995337995337995,1,57,0.173316106908304,6,"Zfp563 Camkmt Chadl Spaca9 Tuft1 Prepl"
"ZFP273_TARGET_GENES",-0.769091131691968,0.86894488551375,1,82,-0.25622608754437,6,"Lrrc49 Tacc3 Cit Dtl Mfsd3 Cep295"
"ZFP296_TARGET_GENES",-0.739848874833698,0.958432426843139,1,220,-0.226487764711006,52,"Slc25a27 Glis2 Tacc3 Adap1 Zfp687 Stmn1 Gm16794 Zbtb7b Erf Sgo2a Prim2 Mars2 Cntd1 Zfp184 Oplah Fbxw8 4930481B07Rik Def8 Plpp1 Pctp Homez Cd55 Dhrs13 Rab29 Fbxo30 Nt5dc3 Zscan22 Zfp738 Comtd1 Ubqln4 Mtmr2 Ddx46 Arhgef39 Ccdc63 Usf2 Hmces Prpf18 Cdc40 Gemin7 Nek4 Commd9 Ddx3x Timm13 Coa3 4933427D14Rik Tmem39a Chaf1b Cdc34 A530072M11Rik Taf6 Zfp235 Sun1"
"ZFP319_TARGET_GENES",-0.885879673062042,0.830408183732825,1,458,-0.263691548728933,74,"Lix1l Myo1e Fut7 Bloc1s6os Hmox1 Fuom Depdc1a Gpat3 Trpm4 Nfix Gcm2 Tmem116 Vegfa Gpr85 Camkk1 Mreg Zfp607b Plxna2 Trim16 Pros1 Gm15927 Meis3 A330023F24Rik Dtx4 Cttnbp2nl Samd1 Snx7 Gm6225 Plau Fitm2 Usp54 Ebf1 Gm15283 2610035D17Rik Stau2 Arrb1 Mgat4b Cldn12 Gbp9 Gm9958 Slc39a8 Meis1 Pitpnc1 Nudt4 Gbp6 Rwdd2b Slc1a2 Ccdc9b Ovca2 Gm9929 Copz2 Bcl7a Enho Lztfl1 Ocrl Rbms2 Lmo4 Maf Pde4b Tmem79 1700034P13Rik Trnt1 Eri3 Cand2 Icmt Spred2 Kdm3a Rbm15 Fbxo28 Eaf1 Tex30 A930033H14Rik Ercc1 Dcakd"
"ZFP322A_TARGET_GENES",1.43305807080303,0.0169971671388102,1,74,0.37921489465339,13,"B4galt4 Six5 Mutyh 1700052K11Rik Ino80dos Dhx30 Dap3 Stim1 Eaf2 Bod1l Dnajc1 Rela Hacd2"
"ZFP335_TARGET_GENES",-0.586150339078323,0.999147939077644,1,158,-0.183419980745356,46,"Zfp335os Stamos Gm15420 Rabl2 Gtf3c4 Irgq Mapkapk5 Fam222b Zfp738 Pno1 Eif4enif1 Ipo13 Dnal4 Chchd4 Slx4ip Stam2 Eftud2 Nsun2 Eif2s3x Polr3f Pcbd2 Zfp661 Sf3b3 Nup85 Taf9 Nhlrc3 Anapc7 Babam2 Rdh10 1110038B12Rik Psmd12 Nup205 Wdr47 Alkbh5 Hectd3 Rbbp5 Ubr4 Eif4h Hs2st1 Usp1 Emc1 Hspa9 Lyrm4 Mrpl11 Dph6 Ube2i"
"ZFP456_TARGET_GENES",1.05775467229776,0.331803278688525,1,67,0.284453474446935,8,"Chac2 Zfp563 1700019D03Rik Ddb2 Magi3 Mzf1 Fah Ndc1"
"ZFP457_TARGET_GENES",-0.745187576724531,0.926239288426077,1,133,-0.236356198872116,11,"Atp8b4 Esr1 Hdac4 Cfap74 Bcas1 Zfp229 Pde4d Nme4 Mto1 Zp1 Prim2"
"ZFP467_TARGET_GENES",-1.0399892614412,0.375138288242985,1,398,-0.310572877574312,85,"Gm20511 Hexim2 Dok3 Gadd45g Gtdc1 Cpm Napb Depdc1b Cdiptos Bcl2 Lrrc8b Appbp2os Shc4 Lfng Fgf20 Fos Pid1 Adgrl1 Spc24 Kif24 Ankrd24 Plcl2 Prss16 Samd1 Usp49 Foxd2os Acot7 Zfpm1 Sh3bp5 Cerkl Dusp18 Lmo1 Gkap1 6430573P05Rik Gm15853 Rai2 Pomt1 Gm9929 Katnbl1 Sertad2 Gamt Homez Maml3 Ogg1 Rnf19b Hoxa3 Sec22c 1500002C15Rik 1700034P13Rik Nrip1 Ptpn4 Rflna Junb Zfp236 Akap11 Pno1 Ubqln4 Hps4 Atp11a Ldlrad4 Gm8066 Rfx2 Usf2 Primpol Dusp6 Lmnb1 Polr2l Plekha7 Abi2 Dyrk1b Wtap Cnot6 Dedd Enc1 Whrn Txndc12 Snrpb2 Cox10 Slc38a6 Kif23 Zdhhc18 Mctp1 Tfdp1 Lmbrd2 Zswim4"
"ZFP493_TARGET_GENES",-0.820270510319202,0.883207199836367,1,261,-0.248956561106906,30,"Hexim2 Gpr19 Slc25a27 Dipk1b Nudt1 Gm26885 Slc43a1 2500004C02Rik Mrm2 Siah1b Gm15927 Plcl2 Rad54l Pde4d Kntc1 Kazald1 Prim2 Ercc6l Cldn12 Zmat1 Caskin2 Zfp975 Rfwd3 Mdn1 Sp3os Bcl2l1 C130036L24Rik Rora Mrps27 Gamt"
"ZFP534_TARGET_GENES",-1.00319506183964,0.472290809327846,1,22,-0.40941084667111,10,"Fignl1 Ccdc150 Caskin2 Thap1 Abr Srsf1 Mbtps2 Glrx5 Tsen54 Agk"
"ZFP58_TARGET_GENES",-0.981731992114631,0.511016849298928,1,68,-0.335055409382049,23,"Gtdc1 Hmox1 Cxadr Cnksr3 Nek2 Ifrd2 Pard3 Thbd Asnsd1 Ska1 Cfap36 Zfp760 Pdzd11 Rnaseh2a Zbtb44 Tdp2 Calcrl Lmbr1l Mtfr1 Polrmt Psmd5 Ccnc Polr3k"
"ZFP595_TARGET_GENES",-0.59244346091206,0.99989944695827,1,393,-0.176980907538082,84,"Nostrin Atp8b4 Gm10532 Pole Nudt1 4933406P04Rik Tmem267 Slc43a1 Fanca Sass6 Fam171b Mrm2 Cenpi Bcas1 Plekha6 Pick1 Patj Kntc1 Prim2 Pkdcc Mfn1 Zmat1 Oplah Eva1b Bcl2l1 Copz2 Rora 1600010M07Rik Maf Abcb9 Chchd10 Cdkn1a Mxd3 Eri3 Nol11 Rnf170 Thra Tubgcp3 Ptp4a1 Lactb2 Ift122 Paxip1 Shmt1 1700008O03Rik Lyl1 Bex6 Il27ra 4930515G01Rik Cep95 Slc38a6 Irf3 Gm15886 Tfdp1 Tmem131l Rabl6 Ecpas Tcp1 Mgat5 Acyp1 Shf Frrs1 Sun1 Eif4e2 Hyls1 Zc3hc1 Trp53i13 Arl2bp Xpnpep1 Rnaseh2a Naa16 Rnf115 Pou2f1 Limk2 Tceanc2 Haus5 Gm10069 Srsf1 Pi4ka Mtfr1 Ift81 Uhrf1 Fam76a Jakmip1 Gpr35"
"ZFP599_TARGET_GENES",-0.582421588379191,0.99979057591623,1,190,-0.18001712413562,69,"Oas1c 4930519P11Rik Ndufaf6 Mthfr Rfwd3 Atxn1l Def8 Rora Frmd4b Zfp36 Dubr Jun Tmem9 Acss1 Dancr Praf2 Elp6 Gcnt2 5530601H04Rik Hdac7 Eng Acad11 Hid1 Ccdc63 Specc1l Ppp2r1b Runx1 Coa7 Plekha7 Vps4a Ncapd2 Ubox5 Atg13 Etv1 Hsd17b10 Fam53b Parp11 Nubp1 Tceanc2 Mtfr1 Nsl1 Polrmt Ahsa2 E130102H24Rik Sbds Zfp207 Cers2 Stat6 Mbtps2 Yipf3 Nsrp1 Dnajb1 Mier2 Alad Tmppe Lnpep Uba5 Twf1 Atad2b Cfap298 Tiprl Psenen Glb1 Sp1 Zmiz1 Snhg8 Trir Brwd1 Sirt1"
"ZFP617_TARGET_GENES",-0.918279248206706,0.610659220590021,1,56,-0.321181536180796,18,"Kcnb1 Gm15927 Pola1 Pax5 C130036L24Rik Fbxo21 Ptp4a1 Gnl3 Rfx2 Tent4b Sfmbt1 Cep95 Cacna2d4 Taf6 Dock7 Srsf1 Kmt5b Polrmt"
"ZFP64_TARGET_GENES",-0.97007524449511,0.595945403452429,1,445,-0.288901546667599,129,"Kcnq5 2610318N02Rik Gm12227 Dnajc12 Afap1 Egfl7 Repin1 Specc1 Fam161b Dqx1 Lck Catspere2 Ccne1 Pole2 Lratd2 Cenpi Rab40c Mrm3 Pde4d Cnn3 Glis3 Adat2 Mapkapk5 Scrib Gm9958 Dut Smpd4 Sphk2 Dip2a Isg20l2 Birc5 Fbxl18 Endov Nmnat1 Lamc1 Pax5 Tmem218 Pagr1a Ugt1a6a Cdon Rfx1 Tanc1 Cwc25 Sertad2 Usp31 Washc5 Traip Rrp1b Ipo11 1700034P13Rik Cdh24 Creld1 Atpaf2 Rassf2 Ighmbp2 Zscan22 Cdca8 Rfc4 Kbtbd8 Cul4a Arl6ip6 Tex9 Zfp523 C87436 Cep104 Coq6 Dtymk Palb2 Kif2c Ecm1 Ints14 Gatb Unk Ssna1 Slc25a16 Dxo Lonp1 4930515G01Rik Haus1 Psmg1 Nelfa Wdr48 Gstz1 Mrpl1 Maip1 Snrpc Zswim6 Mrpl49 Bud23 Ttpal 1810044D09Rik Rrm1 Tsen34 Trim27 Rlf Mzt2 Zcrb1 Slc17a5 Smg8 Rnf168 Thtpa Polr3f Ube2n Eif4e2 Bod1 Atg14 Zc3hc1 Htra2 Cdk11b Tns1 Cops7b Dnajb11 Grk4 Anapc13 Zfp963 Cspp1 Znhit3 Abce1 Capn15 Ube3b Tbccd1 1110038F14Rik 1700022N22Rik Lzic Fam76a Wdr25 Gimap1 Dnaja1 Morf4l1"
"ZFP661_TARGET_GENES",-0.596258562328678,1,1,456,-0.177544482855157,52,"Fbxl2 Wnt10a Chrnb2 Auts2 Crybg2 Ubxn11 Kctd1 Prr36 2010109A12Rik Ephb6 Dtl Pfkfb3 Nrtn Rac3 Nectin2 Tppp Coil Cask Trps1 Col23a1 Galnt4 Sh3bp5 Fam83d Pard3 Cep131 Rell2 Nasp Ctns Abitram Tent4a Smpd4 Gm10143 Atxn1l Shpk Endov Fam222b Def8 Rora Mrps27 Tnfrsf22 Fbxo46 Arhgef18 Yif1b Dancr Zfp786 Praf2 Ints1 Tuba1b Klc2 Fbxo30 Camta2 Map3k4"
"ZFP708_TARGET_GENES",-1.36388721038313,0.019952799828363,1,148,-0.428812200805034,31,"2900052L18Rik Kcnb1 Gpr19 Slc16a3 Chrnb2 Kcnk3 Hes1 Fam135a Gm11100 Pik3r3 Rab39 Ankrd24 Meis3 Unc13a Cnrip1 Gm13421 Tppp Kcnk12 Pde4d Nme4 Lrrc24 Rell2 Caskin2 Fkbp5 Selenoi Katna1 Cul5 Pax5 Actn2 AA467197 Zfp36"
"ZFP709_TARGET_GENES",0.803965874753872,0.942056074766355,1,104,0.201337262395643,18,"1700019D03Rik Fbxl22 Nr6a1 Aurka Doc2g Kank3 Zfp512b Dkkl1 Cep164 Gm4285 Msh3 Agap3 Aste1 Rhot1 Lztr1 Tatdn2 Gm19705 Agpat2"
"ZFP712_TARGET_GENES",-0.862708165012125,0.77978947368421,1,180,-0.267578009775927,23,"Nol3 Nudt1 Cecr2 Stmn1 Dtl Mccc1os Mrm2 Slc26a11 Usp49 Pde4d Bahcc1 Trip10 Fam83d Prim2 Akap7 Snip1 Rfwd3 Pgbd1 Wrap53 Cyb5d2 Acot13 Asl Ccser2"
"ZFP738_TARGET_GENES",-0.927976808573478,0.596170914162546,1,42,-0.339569222423785,14,"Armcx1 Cfap45 Fos Pde4d Myadml2 Mbd4 Mrps31 Ift122 Sergef Tsen34 Tssc4 Bphl Ciao2b Pxn"
"ZFP808_TARGET_GENES",-0.792595360903208,0.935709223448416,1,327,-0.238251749828354,48,"Gm10532 Esr1 Gtdc1 Kif20a Nudt1 4933406P04Rik Fignl1 Gm26885 Slc43a1 2010109A12Rik Sass6 Snhg14 Mrm2 Gm15927 4930509H03Rik Bcas1 Rad54l Pde4d Nme4 Plekha6 Arpp21 Glis3 Cldn34c1 Zmat1 Zfp975 Tgif1 Slc1a2 Oplah Nrde2 Bcl2l1 Tanc1 Rora Suv39h1 Gamt Maf Eri3 Mcm2 Rnf170 Xpr1 B4galt6 Fbxo21 Ubqln4 Ptp4a1 Acad11 Gnl3 Carhsp1 Dtymk Shmt1"
"ZFP810_TARGET_GENES",-1.07387429545467,0.291030437860249,1,335,-0.322498461070164,68,"Orc1 Lrrc49 Hexim2 Gpr19 Rad51c Aqp3 Efcab11 Hes1 Nudt1 Fignl1 Gm26885 Tmem116 Qtrt2 Lck Bard1 Zfp687 2500004C02Rik Mrm2 Hk1os Plcl2 Fbxo36 1810062G17Rik Rasl2-9 Pde4d Foxd2os Kntc1 Ercc6l Ccdc191 Pbx4 Caskin2 Fkbp5 Rfwd3 Stx1a 4930481B07Rik Bcl2l1 Rora Akap1 Gamt Cacna1a Tmem198b Rnf170 Gm14966 Adam9 Dcakd Frat1 Gnl3 Shmt1 1700008O03Rik Nnt Atg2a Ipo13 Chsy1 Lyl1 Gt(ROSA)26Sor Cnot6 Tmem177 Orc2 Rrn3 Mthfd2 Cep95 Tfap4 Slx4ip Utp4 Cnnm4 Zbtb11 Tfdp1 Sergef Cops7a"
"ZFP872_TARGET_GENES",-0.98017257418779,0.508445706174592,1,18,-0.418547712004319,6,"Gas2 Cacnb2 Rcor2 Nfkbid Shmt1 Kit"
"ZFP874A_TARGET_GENES",-0.705408055783377,0.992243376649542,1,370,-0.211042832890133,109,"Atp8b4 Hexim2 Paqr8 Nudt1 Gm26885 Appbp2os Gpr85 Fanca Cfap74 Sass6 Mrm2 Ly75 Unc13a Bcas1 Rad54l Plekha6 Zfpm1 Pick1 Zp1 Pkdcc Ercc6l Banp Rsf1os2 Zmat1 Zfp975 Rfwd3 Oplah Tbl3 Bcl2l1 C130036L24Rik Rora Bcar3 Asl Gamt Thbd Maf 5730409E04Rik Cdkn1a Mxd3 Eri3 Elp6 Synpo2 Nol11 Fbxo10 Tmco3 Tubgcp3 Ciao3 Fbxl15 Gnl3 Ift122 Paxip1 Carhsp1 Shmt1 Usf2 Ubap2 Cklf Atg2a Ipo13 Relb Zfp101 Cep95 Wdfy3 Mrpl22 Atxn2 Rabl6 Taf1c Timm13 4933427D14Rik Mgat5 Acyp1 Pygb Sun1 Dars2 Eif4e2 Strn4 Brpf1 Trp53i13 Xpnpep1 Rnaseh2a Foxm1 St6gal1 Tnfrsf1a Srsf1 Pi4ka Mtfr1 Ift81 Uhrf1 Reps1 Jakmip1 Zfp809 Polrmt Slc35f5 Babam2 Ahsa2 Pcmtd2 Vamp1 Cpeb2 Hmgb1 As3mt Oser1 Lpin2 1110038B12Rik Zbtb34 Mrpl21 Gigyf2 Mbtps2 Patz1 Elac2 Kdm5a"
"ZFP882_TARGET_GENES",-0.663480729869662,0.956787224048849,1,69,-0.225881301046693,11,"Rad51c Gm26885 Sgce Kntc1 Caskin2 Rfwd3 Rora Ptp4a1 Frat1 Rfx2 Ipo13"
"ZFP933_TARGET_GENES",-0.839965050229652,0.712842712842713,1,32,-0.320922905691527,3,"Zwilch Cfap74 Banp"
"ZFP961_TARGET_GENES",-1.1079198921331,0.230056036678553,1,274,-0.335318836356129,51,"Kcnb1 Cdk19os Chrnb2 E2f8 Loxl3 Mmp15 Lrp5 Wdr35 Cdk1 Qtrt2 2010109A12Rik Adgrl1 Ephb6 Zfp687 Hk1os Nrtn Plcl2 Gm16794 Mttp Zfp799 Kcnk12 Pde4d Trmt10a Lrrk2 Mtcp1 Ttl Ino80c Akap7 Tedc1 Ccdc191 Caskin2 Slc39a8 Tctn3 Nfs1 Stx1a 4930481B07Rik Def8 Bambi Tbl3 Tanc1 Zbtb41 Cgrrf1 Deptor Slc20a2 Ryr1 Phf11d Gm10101 Hmgn2 Mtmr4 Atxn7l2 Lrrc41"
"ZFP965_ZFP973_TARGET_GENES",-0.643067811992521,0.999799438427597,1,481,-0.191232799026711,52,"Gm12977 B630019A10Rik Kcnq5 Atp8b4 Gm10532 Gm26885 Gins1 Mlkl Fanca Hdac4 Cfap74 Sass6 Ptpn3 Pde7b Prc1 4930509H03Rik Cenpi Bcas1 Rad54l Bckdhb Ell3 Nek2 Nme4 Plekha6 Mto1 Arpp21 Pick1 Kntc1 Prim2 Atp23 Banp Gm15903 Gga2 Caskin2 Tmcc2 Slc1a2 Oplah Oaz2 Slc4a1ap Tbl3 C130036L24Rik Akap1 Flvcr1 Bcar3 Il2ra Suv39h1 Gamt Dusp16 Maf Hoxa3 1700025G04Rik Mxd3"
"ZFP979_UNIPROT_Q8K293_UNREVIEWED_TARGET_GENES",-1.30714195681733,0.0722424794895169,1,89,-0.431205174695396,16,"Orc1 Kcnb1 Faah Chrnb2 Appbp2os Meis3 Unc13a Kcnk12 Lrrc24 Nr2f6 Oplah Pax5 Actn2 Stx1a Traip Eri3"
"ZFP981_TARGET_GENES",0.649356726179922,0.926614481409002,1,16,0.238621794871795,16,"Ino80dos Ino80d Zmpste24 Med18 Zbtb45 Adnp Smg7 Pgk1 Gtf3c6 Mlxip Inpp5f Mbtps2 Polrmt Cdc16 Slc39a3 Piezo1"
"ZFP984_TARGET_GENES",-0.875248124219911,0.707392197125257,1,87,-0.289484917633527,23,"Tmem231 Hes1 Fignl1 Gm15927 Pde4d Rfwd3 Stx1a Ptp4a1 Smad7 Shmt1 Usf2 Tm9sf4 Ipo13 Rab26os Vps4a Thap1 Tfap4 Hyls1 Brpf1 Ccdc174 Clasp1 Slc39a3 Srsf1"
"ZFP985_UNIPROT_Q5U4F7_UNREVIEWED_TARGET_GENES",-0.977210950605454,0.570897770636674,1,432,-0.291283055292586,129,"Mybl2 Epha1 Cfap45 Nap1l3 Hes1 Nudt1 Ptges3l Mms22l Tmem120b Sass6 Wnt6 Klhl8 Pfkfb3 2500004C02Rik Chek2 Mrm2 Clba1 Kif11 Gas2 C2 Plcl2 Bcas1 Lin52 Mrm3 Pde4d Bahcc1 A730017L22Rik Ddx59 Mki67 Cdc45 Rtn4ip1 Mars2 Banp Fam184a Dtnb Atp6v1g2 Ankrd9 Caskin2 Kcnab3 Mthfr Rfwd3 Khdc3 Ctbs Ovca2 Gm17322 Aptx Pax5 Def8 Fancc Gm12743 C130036L24Rik Gpn2 Hlx Top2a 5430400D12Rik Ttf1 Snhg6 Zfp438 Kdm5b Zc3h11a Mxd3 Tut1 Cenpm Mtmr4 Tubgcp3 Gmeb1 Rassf1 Ptp4a1 Acad11 Bclaf3 Gnl3 Carhsp1 Kif2c Mapkbp1 Shmt1 Rfx2 Primpol Cc2d1b Apbb2 Timm22 Tnk2 Vim Fam43a Lage3 Ddx47 Slc25a42 Abca4 Zfp689 Copb2 Mgme1 Chka Chordc1 Panx1 Sergef Isg15 Myo1h Atxn3 Hspbp1 Tpm1 Slco2a1 Cacnb4 Rprd2 Abr Eif1ad Zc3hc1 Rsl24d1 Cflar Brpf1 Efcab2 Gsk3b Nfxl1 Foxm1 Slc39a3 Nubp1 Capn15 Tceanc2 Erh Ankrd46 Srsf1 Prdx6 1700022N22Rik Pik3r2 Hsph1 Ccnt1 Zfp560 Cdc16 Selenop Prdx1 Arhgap27os1"
"ZFP986_UNIPROT_L7MUC9_UNREVIEWED_TARGET_GENES",1.05526508574538,0.294274300932091,1,141,0.25398783630321,30,"Grin3b Mylpf Tm4sf5 Amz1 Lhfpl4 Mroh1 Mzf1 Gstt3 Lrsam1 Zfp512b Alg11 Smtn Myh13 Ltbp3 Ctbp2 Dhx30 Mgst2 Agap3 Atf7ip Aste1 Fam193b Lztr1 Adat1 Gm19705 Mpi Klf8 Atp6v0a1 Prickle4 Ddx52 Ntpcr"
"ZFP987_TARGET_GENES",0.898473291552216,0.588568194680249,1,10,0.375029872277796,1,"Gm10863"
"ZFP989_UNIPROT_H3BLB0_UNREVIEWED_TARGET_GENES",-0.912492381830093,0.600944032366824,1,25,-0.363143250776816,5,"Kcnb1 Brip1 Rora Taf4b Spice1"
"ZFP990_TARGET_GENES",-0.650533778953527,0.991993167502936,1,157,-0.203728712270897,12,"Gm26885 Gpr85 Mlkl Fanca Gm15927 Pde7b Cip2a Klhl12 Bcas1 Plekha6 Glis3 Kntc1"
"ZFP991_TARGET_GENES",-1.28163993560682,0.163783160322953,1,16,-0.559635813170873,1,"2900052L18Rik"
"ZKSCAN1_TARGET_GENES",-0.582648219339156,1,1,344,-0.174777239908969,54,"Pou2af1 Cdca5 Tpcn1 3110083C13Rik Ptpn3 Qsox2 Ephx2 Unc13a Tpm2 Gm11613 4930519P11Rik Spa17 Ino80c Derl3 Tsc1 Gm12279 Pbk Dok2 Sema4a Tg Oxld1 Itga10 Hinfp Zfp438 Kdm5b Jup Trnt1 Lyrm9 Asb1 Nr1h2 Plcxd1 Slc6a9 Hdac7 Zfp236 Pms1 Ldlrad4 Adgrl2 Frat1 Gm8066 Kcnn4 AU041133 Rfx2 Alg9 Ing3 Ado Lmnb1 Atg2a Ssbp1 Plekha7 Dnal4 Zfp458 Kit Wtap Glo1"
