"contrast","gene","estimate","SE","df","t.ratio","p.value","gene_type","padj","chain"
"MUT - WT","IGHV5-4",2.41695536087565,0.35017111725115,553,6.90221220941577,1.40798900970952e-11,"v_gene",2.67517911844809e-09,"IGH"
"MUT - WT","IGLJ3",0.814329632857106,0.0979829922135701,44,8.31092840155504,1.44921414896907e-10,"j_gene",1.37675344152062e-08,"IGL"
"MUT - WT","IGHV2-9",2.20887396528996,0.35017111725115,553,6.3079844580834,5.79356965132199e-10,"v_gene",3.66926077917059e-08,"IGH"
"MUT - WT","IGHV5-2",2.16012656141451,0.35017111725115,553,6.16877422207618,1.33020701086988e-09,"v_gene",6.31848330163194e-08,"IGH"
"MUT - WT","IGHV2-2",1.90093759097389,0.350171117251151,553,5.42859618433492,8.51422731770223e-08,"v_gene",3.23540638072685e-06,"IGH"
"MUT - WT","IGHV5-12",1.88404542535365,0.350171117251151,553,5.38035643871328,1.09936986511174e-07,"v_gene",3.48133790618717e-06,"IGH"
"MUT - WT","IGHV5-6",1.83191116710688,0.350171117251151,553,5.23147420463289,2.39029219752574e-07,"v_gene",6.48793596471272e-06,"IGH"
"MUT - WT","IGHV6-3",-1.79192358405282,0.350171117251151,553,-5.11727979771561,4.28302833866454e-07,"v_gene",1.01721923043283e-05,"IGH"
"MUT - WT","IGHV1-50",-1.96980956527644,0.391503210965315,553,-5.0314007908634,6.59367596637605e-07,"v_gene",1.39199825956828e-05,"IGH"
"MUT - WT","IGHV5-9-1",1.68432614820612,0.35017111725115,553,4.81000877921662,1.94878948946328e-06,"v_gene",3.70270002998024e-05,"IGH"
"MUT - WT","IGHV1-52",-1.62444934546259,0.350171117251149,553,-4.63901579951698,4.37463950789775e-06,"v_gene",6.92651255417144e-05,"IGH"
"MUT - WT","IGHV8-12",-1.628270108095,0.350171117251152,553,-4.64992692965926,4.15772597242892e-06,"v_gene",6.92651255417144e-05,"IGH"
"MUT - WT","IGLJ1",-0.504772397913977,0.0979829922135701,44,-5.15163281412903,5.83440525404981e-06,"j_gene",8.52720767899588e-05,"IGL"
"MUT - WT","IGHV2-5",1.54767500253604,0.350171117251151,553,4.41976772580593,1.18956647230006e-05,"v_gene",0.000161441164097865,"IGH"
"MUT - WT","IGHV1-64",-1.4229371282199,0.350171117251153,553,-4.06354795732433,5.53333404112943e-05,"v_gene",0.000700888978543061,"IGH"
"MUT - WT","IGHV1-84",1.58263634422167,0.391503210965311,553,4.04246069992488,6.03966489929133e-05,"v_gene",0.000717210206790845,"IGH"
"MUT - WT","IGKV4-53",1.35568896968403,0.350171117251151,553,3.87150425290986,0.000121087026097297,"v_gene",0.00135332558579332,"IGK"
"MUT - WT","IGHV2-4",1.49632771776002,0.391503210965311,553,3.82200624631047,0.000147400475332487,"v_gene",0.00155589390628736,"IGH"
"MUT - WT","IGHV1-78",-1.45439836887342,0.391503210965311,553,-3.7149078938264,0.000223924896338428,"v_gene",0.00217962939896401,"IGH"
"MUT - WT","IGKV3-10",-1.2942038037319,0.350171117251151,553,-3.69591819534239,0.000240906407253917,"v_gene",0.00217962939896401,"IGK"
"MUT - WT","IGKV4-90",1.83279203636395,0.495216743167916,553,3.70098964069655,0.000236256399344637,"v_gene",0.00217962939896401,"IGK"
"MUT - WT","IGHV1-75",-1.39537088081632,0.391503210965311,553,-3.56413649169268,0.000396623335607843,"v_gene",0.00301433735061961,"IGH"
"MUT - WT","IGHV1-81",-1.25665869962874,0.35017111725115,553,-3.58869888954159,0.000361843450270858,"v_gene",0.00301433735061961,"IGH"
"MUT - WT","IGKV4-63",1.39730670514129,0.391503210965311,553,3.5690810854297,0.000389379515531388,"v_gene",0.00301433735061961,"IGK"
"MUT - WT","IGHD4-1",-1.00773821818475,0.253278658244636,32,-3.97877272869711,0.000371745420745574,"d_gene",0.00301433735061961,"IGH"
"MUT - WT","IGHJ4",0.366197519027302,0.0979829922135701,44,3.73735799197798,0.000532904358502318,"j_gene",0.00389430108136309,"IGH"
"MUT - WT","IGHD1-1",0.960513871706577,0.253278658244636,32,3.79232059409774,0.000625329449221164,"d_gene",0.00429261492178457,"IGH"
"MUT - WT","IGLC3",0.777657717112895,0.197999217707681,24,3.92757974559778,0.000632595883210358,"c_gene",0.00429261492178457,"IGL"
"MUT - WT","IGHV2-6",1.1615890987791,0.35017111725115,553,3.31720419404547,0.000968957348769208,"v_gene",0.00634834125055688,"IGH"
"MUT - WT","IGLJ2",0.342827820700685,0.0979829922135701,44,3.49885028978739,0.00108223759883195,"j_gene",0.00685417145926903,"IGL"
"MUT - WT","IGHV1-55",-1.62181226246544,0.495216743167912,553,-3.27495442115037,0.00112291743184106,"v_gene",0.00688239716289682,"IGH"
"MUT - WT","IGHV8-8",-1.24524890484781,0.391503210965311,553,-3.18068631359999,0.00155161501565802,"v_gene",0.0092127141554695,"IGH"
"MUT - WT","IGHV1-82",-1.09239654965523,0.350171117251151,553,-3.11960780269533,0.00190529922131176,"v_gene",0.0106472603543892,"IGH"
"MUT - WT","IGHD5-5",1.48594004879916,0.438691504552583,32,3.38720953877293,0.00188632694096933,"d_gene",0.0106472603543892,"IGH"
"MUT - WT","IGKV10-95",1.21309613120202,0.391503210965312,553,3.09855985142739,0.00204345212016929,"v_gene",0.0110930257952047,"IGK"
"MUT - WT","IGHV5-9",1.07047341977236,0.35017111725115,553,3.05700089766283,0.00234365788023837,"v_gene",0.0123693054790358,"IGH"
"MUT - WT","IGHV1-42",-1.04812750630936,0.350171117251152,553,-2.99318662983165,0.00288414903086971,"v_gene",0.0133776767573263,"IGH"
"MUT - WT","IGHV1-61",-1.4929062824672,0.495216743167923,553,-3.01465227713629,0.00269076627793728,"v_gene",0.0133776767573263,"IGH"
"MUT - WT","IGHV1-9",-1.05498566631082,0.350171117251151,553,-3.0127717973786,0.00270722003275404,"v_gene",0.0133776767573263,"IGH"
"MUT - WT","IGKV13-85",-1.48213703230099,0.495216743167916,553,-2.99290573824245,0.00288676182658095,"v_gene",0.0133776767573263,"IGK"
"MUT - WT","IGKV8-34",1.28635650446609,0.42887027996281,553,2.99940696421687,0.0028268406450469,"v_gene",0.0133776767573263,"IGK"
"MUT - WT","IGHD5-2",0.997770918751932,0.310201737718061,32,3.21652266067831,0.00296523365769241,"d_gene",0.0134141522609895,"IGH"
"MUT - WT","IGHV1-80",-1.03572661772031,0.350171117251151,553,-2.95777283360997,0.00323117301906024,"v_gene",0.0142772761307313,"IGH"
"MUT - WT","IGHV1-72",-1.03293484712659,0.350171117251151,553,-2.94980024404967,0.00331438094176292,"v_gene",0.014312099521249,"IGH"
"MUT - WT","IGHV1-74",-1.02484294821894,0.350171117251152,553,-2.92669183073685,0.0035667348002114,"v_gene",0.014922149032253,"IGH"
"MUT - WT","IGKV5-43",1.0234246221121,0.35017111725115,553,2.92264145068846,0.00361273081833494,"v_gene",0.014922149032253,"IGK"
"MUT - WT","IGKV4-58",1.01661949768278,0.350171117251151,553,2.90320773929975,0.00384103455994161,"v_gene",0.0155275865189129,"IGK"
"MUT - WT","IGKV17-121",-0.999437635798293,0.35017111725115,553,-2.85414069453785,0.00447711896767594,"v_gene",0.0177219292470506,"IGK"
"MUT - WT","IGKV10-94",-0.968702166676325,0.350171117251151,553,-2.76636798111921,0.00585803443159935,"v_gene",0.0224881366316804,"IGK"
"MUT - WT","IGHJ2",-0.283435103358146,0.0979829922135701,44,-2.89269695643049,0.00591793069254749,"j_gene",0.0224881366316804,"IGH"
"MUT - WT","IGHV2-3",0.943422659134396,0.35017111725115,553,2.69417611178295,0.00727068238015587,"v_gene",0.0265659548505695,"IGH"
"MUT - WT","IGKV1-133",0.945353901337177,0.35017111725115,553,2.69969125026136,0.00715282608779674,"v_gene",0.0265659548505695,"IGK"
"MUT - WT","IGHV1-26",-0.924203185852014,0.350171117251155,553,-2.63929016506848,0.00854232957700425,"v_gene",0.0306234456534114,"IGH"
"MUT - WT","IGHJ1",-0.266009716059237,0.0979829922135703,44,-2.71485601786302,0.0094357424546225,"j_gene",0.0331998345625607,"IGH"
"MUT - WT","IGKV8-30",0.909645613750888,0.35017111725115,553,2.59771742710142,0.00963459292791833,"v_gene",0.0332831392055361,"IGK"
"MUT - WT","IGKJ5",0.262665388575126,0.0979829922135701,44,2.6807243036894,0.010300626697636,"j_gene",0.0349485548669793,"IGK"
"MUT - WT","IGHV1-15",-0.993265746424057,0.391503210965303,553,-2.53705644961385,0.0114525691117395,"v_gene",0.038175230372465,"IGH"
"MUT - WT","IGHV1-58",-0.966605724470781,0.391503210965312,553,-2.46895988946671,0.0138517741220842,"v_gene",0.0453765014344136,"IGH"
"MUT - WT","IGHV1-19",0.852698736854956,0.350171117251153,553,2.43509157336748,0.0152030852104709,"v_gene",0.0489590879659231,"IGH"
"MUT - WT","IGKV4-59",0.845049198571254,0.350171117251151,553,2.4132464299309,0.0161352461941713,"v_gene",0.0510949462815424,"IGK"
"MUT - WT","IGLC1",-0.504772397913979,0.197999217707681,24,-2.5493656174905,0.0176012511131916,"c_gene",0.0548235690410886,"IGL"
"MUT - WT","IGHV1-39",-0.827437879596975,0.35017111725115,553,-2.3629529645174,0.0184750882409149,"v_gene",0.0566172058995781,"IGH"
"MUT - WT","IGKV1-132",1.40553805951253,0.606514166422151,553,2.31740351227714,0.0208459706196291,"v_gene",0.062868800281421,"IGK"
"MUT - WT","IGHV1-36",0.896595581146407,0.391503210965311,553,2.29013595810802,0.0223890588953502,"v_gene",0.0654449413864082,"IGH"
"MUT - WT","IGKV4-50",0.803565038192985,0.35017111725115,553,2.29477817731224,0.0221195216585604,"v_gene",0.0654449413864082,"IGK"
"MUT - WT","IGHV1-69",-1.11287699854906,0.495216743167918,553,-2.2472523675794,0.0250173747771666,"v_gene",0.0699014883479656,"IGH"
"MUT - WT","IGHV1-71",-1.11842122838685,0.495216743167915,553,-2.2584479297535,0.0243065756800506,"v_gene",0.0699014883479656,"IGH"
"MUT - WT","IGKV17-127",-0.787719968051066,0.35017111725115,553,-2.24952867110995,0.0248714094830714,"v_gene",0.0699014883479656,"IGK"
"MUT - WT","IGHV1-76",-0.867583654580083,0.39150321096531,553,-2.21603202804116,0.0270956447897139,"v_gene",0.074611195797763,"IGH"
"MUT - WT","IGKV4-55",0.770811587645477,0.35017111725115,553,2.20124262016914,0.0281312301201754,"v_gene",0.076356196040476,"IGK"
"MUT - WT","IGHV3-6",-0.74358019247962,0.35017111725115,553,-2.12347665426189,0.0341573032800309,"v_gene",0.091406867932477,"IGH"
"MUT - WT","IGHD2-3",0.550217888032615,0.253278658244636,32,2.17238156521334,0.0373445040684899,"d_gene",0.0985479968474039,"IGH"
"MUT - WT","IGKV10-96",-0.725118815266909,0.350171117251151,553,-2.07075563786958,0.0388450385001397,"v_gene",0.0997372610138723,"IGK"
"MUT - WT","IGKV4-72",0.811887417597969,0.391503210965311,553,2.07376949884047,0.0385630052257119,"v_gene",0.0997372610138723,"IGK"
"MUT - WT","IGKV4-70",0.712955683346265,0.35017111725115,553,2.0360208144606,0.0422242980688174,"v_gene",0.106968221774337,"IGK"
"MUT - WT","IGKV4-57-1",0.705640072538699,0.35017111725115,553,2.01512928330008,0.0443744880740438,"v_gene",0.11093622018511,"IGK"
"MUT - WT","IGKV9-120",-0.702669664977415,0.350171117251151,553,-2.00664655181553,0.0452736217481931,"v_gene",0.111488052665555,"IGK"
"MUT - WT","IGKJ2",-0.201429754657308,0.0979829922135702,44,-2.05576243495665,0.045768779515333,"j_gene",0.111488052665555,"IGK"
"MUT - WT","IGHV2-9-1",0.692152117889996,0.350171117251151,553,1.97661110180475,0.0485820007850766,"v_gene",0.116842786698286,"IGH"
"MUT - WT","IGKV4-68",0.685823271858831,0.35017111725115,553,1.95853752086282,0.0506692106439424,"v_gene",0.120339375279363,"IGK"
"MUT - WT","IGKV13-84",-0.683668883340727,0.350171117251151,553,-1.95238513303878,0.0513966833135072,"v_gene",0.120560121352671,"IGK"
"MUT - WT","IGKV5-39",-0.667218822059939,0.350171117251151,553,-1.90540792540978,0.0572454110741197,"v_gene",0.132641806147351,"IGK"
"MUT - WT","IGHV5-15",0.732157301552004,0.391503210965312,553,1.87011825457768,0.0619954806479074,"v_gene",0.141917365338583,"IGH"
"MUT - WT","IGKV3-4",-0.710926987195856,0.391503210965311,553,-1.8158905656047,0.0699285531411331,"v_gene",0.158171727343039,"IGK"
"MUT - WT","IGHV1-5",-0.6231332509378,0.35017111725115,553,-1.77951070273702,0.0757051828517556,"v_gene",0.169223349903924,"IGH"
"MUT - WT","IGKV4-74",0.68788081691448,0.391503210965311,553,1.75702471307554,0.0794669633944591,"v_gene",0.17556654703427,"IGK"
"MUT - WT","IGLC2",0.351875189315456,0.197999217707681,24,1.77715444227134,0.0882202705921364,"c_gene",0.192664958764436,"IGL"
"MUT - WT","IGHV5-17",0.586880516480479,0.35017111725115,553,1.67598207724127,0.0943069355509496,"v_gene",0.203617247212278,"IGH"
"MUT - WT","IGHV1-53",-0.566008578392632,0.350171117251152,553,-1.61637710967086,0.106583096163179,"v_gene",0.227536946865214,"IGH"
"MUT - WT","IGKV4-80",0.558154130634235,0.350171117251151,553,1.59394679668544,0.111519307494484,"v_gene",0.235429649155022,"IGK"
"MUT - WT","IGKV14-111",-0.609383574793722,0.391503210965311,553,-1.5565225462422,0.120155971343543,"v_gene",0.250875105003001,"IGK"
"MUT - WT","IGKV19-93",-0.52979947161063,0.350171117251151,553,-1.51297307376338,0.130857768795,"v_gene",0.270249739902717,"IGK"
"MUT - WT","IGHV1-37",0.909657208378508,0.606514166422165,553,1.49981197264458,0.134233784192265,"v_gene",0.274241064478822,"IGH"
"MUT - WT","IGHV1-66",-0.716534323731775,0.495216743167916,553,-1.44691053688549,0.14848857190443,"v_gene",0.293929368956537,"IGH"
"MUT - WT","IGKV12-46",-0.506637381288954,0.35017111725115,553,-1.44682801159064,0.148511681156987,"v_gene",0.293929368956537,"IGK"
"MUT - WT","IGKV8-27",0.509848925375955,0.35017111725115,553,1.45599936790412,0.145960274481271,"v_gene",0.293929368956537,"IGK"
"MUT - WT","IGKV4-54",0.868892856447745,0.606514166422152,553,1.43260109087538,0.152536900836815,"v_gene",0.298783620195823,"IGK"
"MUT - WT","IGHV9-3",0.495848631912514,0.350171117251151,553,1.41601807654764,0.157333194744851,"v_gene",0.305033744913486,"IGH"
"MUT - WT","IGKV2-112",-0.696379362618162,0.495216743167916,553,-1.40621126451299,0.160223050390506,"v_gene",0.307498783577738,"IGK"
"MUT - WT","IGHV11-2",0.691004777188938,0.495216743167916,553,1.39535826831815,0.163467900015659,"v_gene",0.310589010029752,"IGH"
"MUT - WT","IGKV16-104",0.486518573804013,0.350171117251151,553,1.38937379422721,0.165278268156926,"v_gene",0.310919514354613,"IGK"
"MUT - WT","IGHV10-3",-0.532733411305476,0.391503210965312,553,-1.36073829379825,0.174150715064839,"v_gene",0.321248891867179,"IGH"
"MUT - WT","IGKV8-16",0.58400737407249,0.42887027996281,553,1.36173430838605,0.173836237560408,"v_gene",0.321248891867179,"IGK"
"MUT - WT","IGKV1-117",-0.471673486689227,0.35017111725115,553,-1.34697998621894,0.178538390874204,"v_gene",0.32306946920094,"IGK"
"MUT - WT","IGKV11-125",0.708409033223475,0.525256675876726,553,1.34869115569268,0.177988231788071,"v_gene",0.32306946920094,"IGK"
"MUT - WT","IGHV14-4",-0.518113978364002,0.391503210965311,553,-1.32339649804279,0.186250426436796,"v_gene",0.333845103990483,"IGH"
"MUT - WT","IGKV4-69",0.67824658976775,0.525256675876726,553,1.29126695750352,0.19715061254337,"v_gene",0.35008052694617,"IGK"
"MUT - WT","IGHV10-1",0.438903621396485,0.350171117251151,553,1.2533975527219,0.210590721685861,"v_gene",0.370483677039941,"IGH"
"MUT - WT","IGKV6-25",0.430700676686927,0.350171117251151,553,1.22997202073071,0.219230574811959,"v_gene",0.382145038663047,"IGK"
"MUT - WT","IGHV1-31",-0.591636977804985,0.495216743167916,553,-1.19470309913244,0.232715195258481,"v_gene",0.385605155821119,"IGH"
"MUT - WT","IGHV1-63",-0.594085480243656,0.495216743167917,553,-1.19964740376764,0.230790029827881,"v_gene",0.385605155821119,"IGH"
"MUT - WT","IGHV6-6",-0.423400336409894,0.35017111725115,553,-1.20912409833682,0.227131866948706,"v_gene",0.385605155821119,"IGH"
"MUT - WT","IGKV2-109",0.418158039338464,0.35017111725115,553,1.19415342596218,0.232929925231547,"v_gene",0.385605155821119,"IGK"
"MUT - WT","IGHD2-5",-0.30764111543489,0.253278658244636,32,-1.21463496990634,0.233392594312782,"d_gene",0.385605155821119,"IGH"
"MUT - WT","IGHD3-2",-0.308043753914942,0.253278658244636,32,-1.21622467542216,0.23279492145669,"d_gene",0.385605155821119,"IGH"
"MUT - WT","IGKV6-17",-0.413801866964676,0.35017111725115,553,-1.18171330123692,0.237827391437032,"v_gene",0.389544865284794,"IGK"
"MUT - WT","IGHV1-34",0.580819227798601,0.495216743167925,553,1.17285862364643,0.241357462430008,"v_gene",0.39194801591198,"IGH"
"MUT - WT","IGKV6-23",0.403714986343166,0.350171117251151,553,1.15290772554954,0.249446357735292,"v_gene",0.401650914997505,"IGK"
"MUT - WT","IGKV12-41",0.44817739340493,0.391503210965312,553,1.14476045368793,0.252803617325264,"v_gene",0.403636027662186,"IGK"
"MUT - WT","IGKV4-57",0.38525982993379,0.35017111725115,553,1.10020447419561,0.271721733432073,"v_gene",0.430226077934115,"IGK"
"MUT - WT","IGHD2-8",-0.30536542177487,0.283174148542472,32,-1.07836616918112,0.288932311182826,"d_gene",0.453695364667247,"IGH"
"MUT - WT","IGKV4-61",0.362465618158688,0.350171117251151,553,1.03510997995508,0.301069983690645,"v_gene",0.467435211618232,"IGK"
"MUT - WT","IGKV6-15",-0.36131707612416,0.35017111725115,553,-1.03183003487125,0.302602794889698,"v_gene",0.467435211618232,"IGK"
"MUT - WT","IGHV2-6-8",0.497881940964933,0.495216743167917,553,1.00538188143633,0.315152709879689,"v_gene",0.482895281267265,"IGH"
"MUT - WT","IGLV2",0.348773896781584,0.35017111725115,553,0.996009892304841,0.319680952908377,"v_gene",0.485915048420733,"IGL"
"MUT - WT","IGHV7-1",0.413536241745897,0.42887027996281,553,0.964245509811863,0.335344315811283,"v_gene",0.505677936540824,"IGH"
"MUT - WT","IGKV3-7",-0.357150581532704,0.391503210965311,553,-0.912254539757398,0.362032251403432,"v_gene",0.541623053280725,"IGK"
"MUT - WT","IGHV1-11",0.525069685291898,0.606514166422275,553,0.865717100045982,0.38702073871357,"v_gene",0.574483909027956,"IGH"
"MUT - WT","IGKV6-32",-0.326081907439945,0.391503210965311,553,-0.832897146963216,0.405262304020845,"v_gene",0.596897967162485,"IGK"
"MUT - WT","IGKV8-21",0.285099623053452,0.35017111725115,553,0.8141722975084,0.415896699608916,"v_gene",0.603208953631252,"IGK"
"MUT - WT","IGLV3",0.286676075418501,0.350171117251151,553,0.818674246091207,0.413324936958587,"v_gene",0.603208953631252,"IGL"
"MUT - WT","IGKJ1",-0.0788977137111778,0.0979829922135701,44,-0.80521845606845,0.425023691501932,"j_gene",0.61177652564672,"IGK"
"MUT - WT","IGLV1",-0.276515698756249,0.350171117251151,553,-0.78965878433065,0.430065517950598,"v_gene",0.614379311357998,"IGL"
"MUT - WT","IGHV3-1",0.268172264474762,0.35017111725115,553,0.765832049713064,0.444102988725966,"v_gene",0.624137241028108,"IGH"
"MUT - WT","IGKV3-2",0.267755864689072,0.35017111725115,553,0.764642917414093,0.444810368178739,"v_gene",0.624137241028108,"IGK"
"MUT - WT","IGHD2-7",0.218139226207165,0.283174148542471,32,0.770335948143402,0.446750867262225,"d_gene",0.624137241028108,"IGH"
"MUT - WT","IGHV3-4",0.392843493916352,0.525256675876727,553,0.747907664877634,0.454833782449395,"v_gene",0.630791377119599,"IGH"
"MUT - WT","IGHV14-1",-0.265994440115026,0.391503210965311,553,-0.679418284869685,0.497157143702182,"v_gene",0.679567318729601,"IGH"
"MUT - WT","IGKV4-91",0.239605107973489,0.35017111725115,553,0.68425148782799,0.494103017539347,"v_gene",0.679567318729601,"IGK"
"MUT - WT","IGKV3-12",-0.320943022139975,0.495216743167917,553,-0.648085967544016,0.517198338345051,"v_gene",0.701912030611141,"IGK"
"MUT - WT","IGHV3-5",0.337269854763619,0.525256675876726,553,0.642104841791243,0.521071195785693,"v_gene",0.70215267517221,"IGH"
"MUT - WT","IGKV12-89",0.313970127125777,0.495216743167916,553,0.63400547630377,0.526339404555079,"v_gene",0.704256949756796,"IGK"
"MUT - WT","IGKV1-135",0.209993411834908,0.350171117251151,553,0.599687985358017,0.548959822586893,"v_gene",0.710730500716399,"IGK"
"MUT - WT","IGKV14-130",0.31774676734061,0.525256675876727,553,0.604936180602076,0.545469543368257,"v_gene",0.710730500716399,"IGK"
"MUT - WT","IGKV6-14",0.241695703440763,0.391503210965312,553,0.617353055278462,0.537255990849427,"v_gene",0.710730500716399,"IGK"
"MUT - WT","IGKV9-124",-0.237605609533355,0.391503210965311,553,-0.606905902374342,0.544162447634775,"v_gene",0.710730500716399,"IGK"
"MUT - WT","IGHD2-4",-0.153065584893022,0.253278658244636,32,-0.604336685743097,0.54988096634374,"d_gene",0.710730500716399,"IGH"
"MUT - WT","IGHV4-1",0.198425542190729,0.350171117251151,553,0.566653080209394,0.571179811072855,"v_gene",0.71870307353538,"IGH"
"MUT - WT","IGKV4-86",0.346893932083626,0.606514166422151,553,0.571946957364518,0.567590321767774,"v_gene",0.71870307353538,"IGK"
"MUT - WT","IGKV6-20",0.203657573702374,0.35017111725115,553,0.581594436745927,0.561076881599155,"v_gene",0.71870307353538,"IGK"
"MUT - WT","IGKJ4",0.0561672914807732,0.0979829922135701,44,0.573235111644144,0.569403828461867,"j_gene",0.71870307353538,"IGK"
"MUT - WT","IGHV1-62-2",0.271120373653238,0.495216743167916,553,0.547478205035785,0.584271123040195,"v_gene",0.730338903800243,"IGH"
"MUT - WT","IGHV14-3",0.183685437779313,0.35017111725115,553,0.524559076206077,0.60009994519716,"v_gene",0.745222154166408,"IGH"
"MUT - WT","IGKV1-110",-0.1812013442244,0.350171117251151,553,-0.517465134322996,0.605038423869308,"v_gene",0.746475977501095,"IGK"
"MUT - WT","IGKV15-103",-0.196286675494596,0.39150321096531,553,-0.501366706573418,0.616312588061818,"v_gene",0.755479946656422,"IGK"
"MUT - WT","IGHV1-59",-0.193742355736666,0.391503210965313,553,-0.494867858833044,0.620889951917951,"v_gene",0.75621212092571,"IGH"
"MUT - WT","IGHV14-2",-0.167930779127367,0.35017111725115,553,-0.479567762314683,0.6317243767919,"v_gene",0.759668554370006,"IGH"
"MUT - WT","IGKV9-123",0.189232893384882,0.391503210965311,553,0.483349530948417,0.629038891560438,"v_gene",0.759668554370006,"IGK"
"MUT - WT","IGHV1-22",-0.161510425211578,0.350171117251158,553,-0.461232858036477,0.644812904720383,"v_gene",0.770531144005489,"IGH"
"MUT - WT","IGHV9-1",-0.14470026030548,0.35017111725115,553,-0.413227285680726,0.679600282410693,"v_gene",0.80210529405988,"IGH"
"MUT - WT","IGKV5-48",-0.144662757650866,0.35017111725115,553,-0.413120187599911,0.679678696545477,"v_gene",0.80210529405988,"IGK"
"MUT - WT","IGHV13-2",-0.152281371917242,0.391503210965311,553,-0.388965831319157,0.697451145565219,"v_gene",0.817998257144392,"IGH"
"MUT - WT","IGKV5-45",-0.229719432220367,0.606514166422151,553,-0.378753613580851,0.705016204542409,"v_gene",0.82179802983471,"IGK"
"MUT - WT","IGHV1-49",-0.186201016307029,0.525256675876721,553,-0.354495287463477,0.723102873369758,"v_gene",0.834627886498416,"IGH"
"MUT - WT","IGHV5-16",-0.123336821552902,0.35017111725115,553,-0.352218716726548,0.724808427748624,"v_gene",0.834627886498416,"IGH"
"MUT - WT","IGHV7-3",0.120995786030373,0.350171117251151,553,0.345533312342241,0.729824870430698,"v_gene",0.835341719167667,"IGH"
"MUT - WT","IGHV1-18",-0.118894361605251,0.350171117251152,553,-0.339532176550063,0.73433776970572,"v_gene",0.835474109246029,"IGH"
"MUT - WT","IGKV8-18",0.175745675887797,0.606514166422152,553,0.289763513562308,0.772105774330364,"v_gene",0.873214863826007,"IGK"
"MUT - WT","IGHV9-2",0.0952012526129216,0.391503210965312,553,0.243168510363397,0.807965031345459,"v_gene",0.908363052991936,"IGH"
"MUT - WT","IGHV1-85",-0.0877011186009189,0.391503210965311,553,-0.224011237059023,0.82283129468056,"v_gene",0.919081507718898,"IGH"
"MUT - WT","IGKV8-28",0.0764884706675939,0.35017111725115,553,0.218431694961109,0.827173356947008,"v_gene",0.919081507718898,"IGK"
"MUT - WT","IGHV8-5",0.0767564151087867,0.391503210965311,553,0.196055646439099,0.844638633785507,"v_gene",0.930945344250703,"IGH"
"MUT - WT","IGKV3-5",0.0750859012570738,0.391503210965311,553,0.191788723959474,0.847978104765833,"v_gene",0.930945344250703,"IGK"
"MUT - WT","IGHM",0.0372001547222588,0.197999217707681,24,0.187880311614058,0.852549946840117,"c_gene",0.930945344250703,"IGH"
"MUT - WT","IGHV1-4",-0.0656994617561525,0.39150321096531,553,-0.167813340774806,0.866791478698955,"v_gene",0.93574080086819,"IGH"
"MUT - WT","IGHJ3",-0.0170567915440644,0.0979829922135701,44,-0.174079104533635,0.862601771735056,"j_gene",0.93574080086819,"IGH"
"MUT - WT","IGKV3-1",0.0610242967197291,0.391503210965312,553,0.155871765570618,0.876190982686264,"v_gene",0.940543992714069,"IGK"
"MUT - WT","IGHV1-7",0.0505428276377933,0.35017111725115,553,0.144337511427428,0.885286543998634,"v_gene",0.944616240995907,"IGH"
"MUT - WT","IGHV9-4",0.0443668224728498,0.391503210965311,553,0.113324287592576,0.909814590011848,"v_gene",0.944616240995907,"IGH"
"MUT - WT","IGKV12-98",-0.0488155129165493,0.391503210965312,553,-0.124687388377191,0.90081635292706,"v_gene",0.944616240995907,"IGK"
"MUT - WT","IGKV14-100",-0.0582915754304161,0.495216743167917,553,-0.117709217700361,0.906340802785972,"v_gene",0.944616240995907,"IGK"
"MUT - WT","IGKV8-19",-0.0430584321281612,0.35017111725115,553,-0.122963973917011,0.902180301374778,"v_gene",0.944616240995907,"IGK"
"MUT - WT","IGKV8-24",-0.0459989830732933,0.35017111725115,553,-0.131361442469574,0.895537164380991,"v_gene",0.944616240995907,"IGK"
"MUT - WT","IGKV1-88",-0.0365523041397655,0.350171117251151,553,-0.104384120617091,0.916902370682266,"v_gene",0.946044834741114,"IGK"
"MUT - WT","IGKV12-44",-0.0346780719024761,0.350171117251151,553,-0.0990317881574572,0.9211489180374,"v_gene",0.946044834741114,"IGK"
"MUT - WT","IGKV12-38",0.0246738618819412,0.391503210965312,553,0.0630233959540306,0.949770646912418,"v_gene",0.970195822114835,"IGK"
"MUT - WT","IGHV1-20",0.0225237937455338,0.495216743167907,553,0.0454826983462814,0.963738984504495,"v_gene",0.971386047907635,"IGH"
"MUT - WT","IGKV2-137",0.0166690107249928,0.350171117251151,553,0.0476024717739282,0.962050248154232,"v_gene",0.971386047907635,"IGK"
"MUT - WT","IGKV4-79",-0.0165612361665237,0.391503210965311,553,-0.0423016611426749,0.966273489760753,"v_gene",0.971386047907635,"IGK"
"MUT - WT","IGKC",0.000314218384359299,0.197999217707681,24,0.00158696780723245,0.998746900969721,"c_gene",0.998746900969721,"IGK"
