"cell_type","gene","avg_log2FC","p_val","p_val_adj","pct.1","pct.2"
"FoB","Myo1f",2.20138853007013,5.22598508152566e-08,0.00168720928357056,0.269,0.061
"FoB","Fcer1g",4.25596540868982,1.18913647539819e-06,0.0383912711082305,0.164,0.012
"FoB","Dlg3",3.58255685572847,3.69281456188458e-06,0.119222518130444,0.09,0.01
"FoB","Lcp2",3.58857654656553,0.00414209982710243,1,0.045,0.003
"FoB","Ttll11",2.63041462507215,0.00924549145679815,1,0.045,0.009
"FoB","Flt3",2.20131204884267,0.0458035593989781,1,0.015,0.008
"FoB","Myl4",1.54710960843013,0.0947126438165085,1,0.119,0.031
"FoB","Kcnn4",1.49209567536494,0.0974909701879404,1,0.09,0.037
"FoB","Tnfrsf19",3.50472571710893,0.105451567402494,1,0.015,0.002
"FoB","Tgfb3",2.90584946302182,0.118358772003848,1,0.03,0.007
"FoB","Iqsec2",3.372393512863,0.14742216582752,1,0.015,0.003
"FoB","Prss16",1.94209093371398,0.14831355596385,1,0.03,0.008
"FoB","Daam1",2.11216591649621,0.163656641063133,1,0.045,0.011
"FoB","Serpinb6b",2.14963867254608,0.444505865574231,1,0.015,0.007
"FoB","Emb",1.03810254698023,0.526749722061477,1,0.015,0.01
"FoB","Notch1",1.28694319504218,0.673856463203525,1,0.06,0.045
"FoB","Ramp1",1.05141147768908,0.996000235575349,1,0,0.004
"Immature B","Klf2",-1.59510639689144,3.01934893091952e-14,9.74796802347367e-10,0.586,0.866
"Immature B","Cd79a",-0.673881619684057,1.10293248327634e-10,3.56081752225767e-06,1,0.996
"Immature B","Siglecg",-1.03350925022863,3.67112732952668e-08,0.00118522345833769,0.638,0.852
"Immature B","Bach2",-1.40646659483344,3.45178933218227e-07,0.0111441018589505,0.414,0.738
"Immature B","Ramp1",4.71903585794186,1.81362949601821e-06,0.058553028278948,0.138,0.004
"Immature B","Fcrla",-1.01870664702742,3.2047052700557e-06,0.103463909643748,0.655,0.807
"Immature B","Tnfrsf13c",-0.936005313427218,8.08306620427572e-06,0.260961792405042,0.828,0.9
"Immature B","Id3",-1.00180007418736,3.18239130951693e-05,1,0.431,0.67
"Immature B","Myl4",2.35264358126742,8.05036504784359e-05,1,0.345,0.171
"Immature B","Cd55",-0.881753483592618,8.36282488996138e-05,1,0.379,0.636
"Immature B","H2-Ob",-0.950681584291362,8.99066431922117e-05,1,0.586,0.831
"Immature B","Myo1f",2.38014472531943,0.00022410630616674,1,0.121,0.024
"Immature B","Cd19",-0.70456938649294,0.000266709653485486,1,0.914,0.952
"Immature B","Ccnd3",-1.12548047673501,0.000290798152692713,1,0.448,0.605
"Immature B","Crip1",-0.881651057947936,0.00046550122946661,1,0.707,0.822
"Immature B","Mylip",-1.29447163289005,0.000937851628448634,1,0.259,0.479
"Immature B","Plekha2",-0.659486866597608,0.0027530410581987,1,0.569,0.709
"Immature B","Atp1b1",-1.45916508184785,0.00343768779121897,1,0.138,0.286
"Immature B","Rpia",-1.05375968175492,0.0101083253806957,1,0.414,0.529
"Immature B","Irf8",-0.566522778561051,0.0141157671149623,1,0.776,0.905
"Immature B","Fcer1g",2.23001755021209,0.0290857455000046,1,0.172,0.024
"Immature B","Mgst1",-1.42338303924029,0.0556014016437226,1,0.052,0.141
"Immature B","Cplx2",-1.48052147529907,0.0570122457005016,1,0.034,0.104
"Immature B","Eps8",-1.04774210488796,0.0611420561401949,1,0.052,0.145
"Immature B","Cebpg",-0.759752467355903,0.0802383514134675,1,0.224,0.338
"Immature B","Flt3",2.71895076699385,0.0815366896220546,1,0.017,0.007
"Immature B","Kcnn4",1.76167858527927,0.0827201863658108,1,0.138,0.05
"Immature B","Tpst1",-0.89267696890232,0.0904227443462007,1,0.19,0.252
"Immature B","Emb",1.76327365580436,0.111120036918739,1,0.034,0.009
"Immature B","Oasl1",-0.65686911219805,0.151157638766693,1,0.086,0.134
"Immature B","Vav3",1.08034072591896,0.188559640005017,1,0.293,0.145
"Immature B","Serpinb6b",1.32382897148929,0.258496030567228,1,0.052,0.015
"Immature B","Ptger4",-1.07294202353179,0.275706417840393,1,0.034,0.091
"Immature B","Uchl1",-1.25507087693766,0.27847106774562,1,0.017,0.046
"Immature B","Rapgef5",-0.857434552652073,0.293435215802024,1,0.069,0.106
"Immature B","Capn2",-0.863691923493293,0.369506782198879,1,0.069,0.093
"Immature B","Notch1",0.910228899135618,0.444820709927118,1,0.086,0.074
"Immature B","Dnajc21",-0.686770210944842,0.511809266309855,1,0.224,0.358
"Immature B","Bcl2l1",-0.809203276998691,0.554784302387827,1,0.034,0.041
"Immature B","Prkd2",-0.61002020560209,0.596220591003851,1,0.414,0.534
"Immature B","Tnfrsf19",-0.726258713855303,0.635435578455308,1,0.017,0.028
"Immature B","Daam1",0.996504070076293,0.87342124924572,1,0.034,0.028
"Immature B","Dlg3",-1.07085635321183,0.995856773117302,1,0,0.017
"Immature B","Tcf7l2",-0.88515006446232,0.995881757872961,1,0,0.017
"MzB","Bach2",-3.06847223036256,1.53525960999188e-26,4.95658565085878e-22,0.174,0.472
"MzB","Cd55",-2.24622375815092,7.83578560632033e-26,2.52978338300052e-21,0.274,0.635
"MzB","Crip1",-0.809332416172824,1.14634581250053e-18,3.70097745565797e-14,0.756,0.815
"MzB","Irf8",-0.904000521053483,1.19291097809622e-11,3.85131309278364e-07,0.515,0.758
"MzB","Grap2",-1.50764414584685,1.65543642837866e-07,0.00534457650902051,0.084,0.225
"MzB","Ccnd3",-1.14781546686099,3.15964510748649e-07,0.0102009142295201,0.305,0.517
"MzB","Gsn",-0.987844338993963,5.90145523198342e-07,0.0190528482164585,0.226,0.365
"MzB","Satb1",-1.34232302442738,1.70311211476869e-06,0.054984974625307,0.192,0.337
"MzB","Mybl2",-3.89711637104214,2.50123227171867e-06,0.0807522838924374,0.004,0.062
"MzB","Vpreb3",-1.05914029489091,2.69183471278442e-06,0.086905883702245,0.177,0.343
"MzB","Il17ra",-0.875457840042132,4.23740759356397e-06,0.136804704158213,0.315,0.433
"MzB","Stat2",-0.841633990934461,7.37019798238605e-06,0.237946841861334,0.233,0.376
"MzB","Klf2",-1.5152646549369,4.77440506074669e-05,1,0.242,0.444
"MzB","Smarca4",-0.767582510803427,7.45334544294321e-05,1,0.409,0.489
"MzB","Akap12",-2.26811203243484,0.000164614606165246,1,0.019,0.09
"MzB","Ppp3ca",-0.59045636048257,0.000180576320674865,1,0.6,0.713
"MzB","Oasl1",-1.49063240951474,0.000242828725481334,1,0.063,0.146
"MzB","Mgst1",-1.39922504114535,0.000391467613344841,1,0.022,0.079
"MzB","Eps8",-2.93740892468254,0.00102260312732736,1,0.009,0.045
"MzB","Ptger4",-1.71683713784999,0.00475631737512354,1,0.023,0.062
"MzB","Ppp1r12b",-1.63115705414155,0.0149298486207916,1,0.054,0.096
"MzB","P2rx7",-1.96686254561523,0.0197012455786732,1,0.006,0.028
"MzB","Dnajc21",-0.823612802322776,0.0235279172862198,1,0.175,0.247
"MzB","Pde2a",-2.3267681712609,0.0325413814423474,1,0.015,0.045
"MzB","Cplx2",-2.38487887672241,0.034157510207307,1,0.009,0.022
"MzB","Atp1b1",-1.66305766542058,0.0358332748950632,1,0.037,0.062
"MzB","Aldh1b1",-1.13562388195061,0.0424468580742807,1,0.012,0.034
"MzB","Myl4",-0.646374410291208,0.0481505193196677,1,0.103,0.146
"MzB","Ptgr1",-1.80023590643508,0.0620419931510821,1,0.006,0.022
"MzB","Capn5",-0.852241770028158,0.248392499765796,1,0.009,0.022
"MzB","Tnfrsf19",-1.6668305985001,0.278491981256525,1,0.019,0.011
"MzB","Ramp1",-1.16610441054137,0.313762523925691,1,0.006,0.017
"MzB","Alpl",-0.783716760620851,0.457037472878458,1,0.035,0.045
"MzB","Bcl2l1",-0.857204172740729,0.581364124600732,1,0.008,0.006
"MzB","Dlg3",-1.80082885742537,0.582679622258456,1,0.019,0.022
"MzB","Flt3",-0.666734843017312,0.607652115931046,1,0.012,0.011
"MzB","Vav3",-1.04863797743699,0.74167097174462,1,0.114,0.14
"MzB","Tcf7l2",-5.66114794241875,0.996025887440653,1,0,0.017
"PreB","Ramp1",3.50078113299795,3.80800999634573e-49,1.22941602732022e-44,0.78,0.13
"PreB","Fcrla",-2.06910124082058,5.66801253079517e-46,1.82991784556722e-41,0.535,0.945
"PreB","Klf2",-2.51896111162425,1.01917957269652e-45,3.29042125045071e-41,0.378,0.904
"PreB","Atp1b1",-1.89896919798478,1.05000230545306e-37,3.3899324431552e-33,0.669,0.953
"PreB","Cmtm7",1.09368256413432,1.29197615145487e-31,4.17114500497205e-27,0.992,0.867
"PreB","Siglecg",-1.8941558983781,1.96038603542802e-29,6.32910631537936e-25,0.606,0.924
"PreB","Ikzf3",-2.13306926723356,2.46363341934765e-23,7.95384049436388e-19,0.331,0.779
"PreB","Bach2",-1.32162890702357,4.16373847715008e-23,1.3442629673479e-18,0.843,0.971
"PreB","Fxyd5",3.94021638709622,1.56930303725311e-21,5.06649485577165e-17,0.378,0.039
"PreB","Mylip",-1.96294629339455,3.33560158743875e-20,1.0768989725046e-15,0.433,0.768
"PreB","Btg1",-1.14643138725783,1.73645320592462e-18,5.60613917532764e-14,0.85,0.982
"PreB","Uchl1",-3.29198944314882,7.0570898502939e-18,2.27838145816739e-13,0.157,0.604
"PreB","Irf4",-1.50833163059573,1.93576485269984e-17,6.24961682694143e-13,0.449,0.786
"PreB","Mgst1",-2.54718315685855,4.02411991156058e-17,1.29918711344733e-12,0.173,0.633
"PreB","Fcer1g",3.73530419646186,8.07530842843236e-16,2.60711332611939e-11,0.291,0.034
"PreB","Plekha2",-1.11436170891238,2.32285402184134e-14,7.49933420951478e-10,0.787,0.922
"PreB","Lck",2.86864138180104,7.44469950055926e-11,2.40352123375556e-06,0.291,0.055
"PreB","Vav3",1.42205204202144,9.37990646400898e-11,3.0283028019053e-06,0.315,0.091
"PreB","Kcnn4",3.13879919542384,1.19515847001831e-10,3.8585691204541e-06,0.213,0.026
"PreB","Atp2b4",3.41057751983777,1.16508047209439e-09,3.76146230415675e-05,0.181,0.01
"PreB","Tnfrsf13c",-1.7847520203856,1.64489236337168e-09,5.31053499514548e-05,0.331,0.594
"PreB","Cd19",-0.866613363342678,4.08667854064265e-08,0.00131938416684648,0.89,0.953
"PreB","Cd44",-2.33345358289246,5.53922289428759e-08,0.00178833811142075,0.063,0.336
"PreB","Myl4",1.03604708647034,7.51010661291476e-08,0.00242463791997953,0.89,0.755
"PreB","Bcl2l1",-1.52634601844316,1.01610695052501e-07,0.00328050128977001,0.236,0.497
"PreB","Itgal",2.24751215065297,1.08815245391602e-06,0.0351310019746788,0.142,0.018
"PreB","Ifi30",-2.68340023951524,3.30938319456057e-06,0.106843436436388,0.126,0.299
"PreB","Irf8",-1.11318647306625,3.45081685721906e-06,0.111409622235317,0.465,0.625
"PreB","Eps8",-1.01209987036046,4.75885981563495e-06,0.153639789147774,0.394,0.604
"PreB","Ppm1f",1.3104345154713,6.31319782292122e-06,0.203821591713012,0.181,0.052
"PreB","Emb",3.17259572427808,9.37893928468195e-06,0.302799054805957,0.11,0.016
"PreB","Cd55",-1.53768184743971,1.14141530560611e-05,0.368505931414932,0.157,0.354
"PreB","Emp1",4.97124930616416,4.41381292750498e-05,1,0.134,0.003
"PreB","Rb1",-1.2036187848751,0.000158519303677192,1,0.331,0.508
"PreB","Adamts10",0.966105687506133,0.000164196039778807,1,0.268,0.13
"PreB","Myo1f",4.61128656174682,0.000202599429415966,1,0.102,0.003
"PreB","Flt3",1.88548086830705,0.00701114682536618,1,0.047,0.008
"PreB","Lat2",1.27082884470215,0.0100934071847662,1,0.165,0.065
"PreB","Slc15a4",-0.944303925584692,0.0171841262754604,1,0.268,0.38
"PreB","Akr1c13",3.91485704251398,0.0183592177039276,1,0.031,0.003
"PreB","Epha2",-1.07496730275974,0.0371732480241148,1,0.047,0.109
"PreB","Ptger4",-0.970477627489618,0.0552545674246377,1,0.079,0.143
"PreB","Aldh1b1",-1.3045156540601,0.0620772901968829,1,0.071,0.133
"PreB","Rpia",-0.898959283052443,0.120613657544831,1,0.449,0.49
"PreB","Tnni2",1.19937913943682,0.162793945550663,1,0.031,0.016
"PreB","Tpst1",-1.14037820059682,0.288919799196283,1,0.126,0.159
"PreB","Tnfsf11",4.7251027933472,0.995280889068068,1,0.079,0
"PreB","Dlx1",5.06927156086557,0.995298856044156,1,0.079,0
"PreB","Ctla2a",4.26045356703623,0.995363431310851,1,0.039,0
"PreB","Prss16",4.35300739521704,0.995389869789337,1,0.055,0
"PreB","Cst7",3.40146111853516,0.995545458953758,1,0.031,0
"PreB","Slc5a9",3.2637135186744,0.995545458953767,1,0.024,0
"PreB","Enpep",-3.33541348445672,0.995775562291136,1,0,0.047
"PreproB","Ccnd3",-0.558968396369477,0.00172377183508754,1,0.532,0.595
"PreproB","Mybl2",-2.89920716180203,0.00193577795907343,1,0.009,0.042
"PreproB","Tnfrsf13c",-1.20069991972397,0.005486269339163,1,0.107,0.155
"PreproB","Cd79a",-2.17615141541071,0.0396768954983388,1,0.036,0.06
"PreproB","Lck",-1.24574229549238,0.051782143529825,1,0.036,0.089
"PreproB","Ccl3",-2.40365795741559,0.0912296150796217,1,0.013,0.012
"PreproB","Mylip",-0.463345132983795,0.0967355476370496,1,0.139,0.167
"PreproB","H2-Ob",-0.551486385485397,0.143744855589893,1,0.081,0.089
"PreproB","Cd36",-2.61518231630785,0.154077197513356,1,0.002,0.018
"PreproB","Lcp2",-1.22279794652491,0.189249254246041,1,0.037,0.054
"PreproB","Dlg3",-0.380717716678114,0.193264809257899,1,0.026,0.042
"PreproB","Myl4",-1.99269592683858,0.242754554545738,1,0.004,0.03
"PreproB","Prss16",-0.976059396352606,0.249860817068983,1,0.011,0.012
"PreproB","Ebf1",-0.807725419594991,0.385434928154372,1,0.037,0.054
"PreproB","Akap12",-0.416224014911027,0.424290058741889,1,0.06,0.065
"PreproB","Ttll11",-0.695366377479297,0.428704123260088,1,0.017,0.03
"PreproB","Cd19",-0.987368304863795,0.478404637259655,1,0.013,0.03
"PreproB","Vpreb3",-1.10415058277492,0.511305102309015,1,0.019,0.042
"PreproB","Oasl1",-0.468351011467136,0.518704397058889,1,0.099,0.113
"PreproB","Cd55",-0.54710759399325,0.563533160153541,1,0.021,0.03
"PreproB","Tpst1",-0.377119883291323,0.616899672923149,1,0.021,0.03
"PreproB","Serpinb6b",-0.718103821804475,0.622281095472286,1,0.036,0.054
"PreproB","Bst1",-0.542577409257064,0.640843264070041,1,0.019,0.03
"PreproB","Eps8",-0.824667146800093,0.660869836680515,1,0.007,0.006
"PreproB","Pard3",-0.774298409629507,0.705077490646439,1,0.017,0.024
"PreproB","Bcl2l1",-0.598131562702428,0.726821680742438,1,0.034,0.042
"PreproB","Bfsp2",-0.455206793661334,0.77326641486888,1,0.062,0.065
"PreproB","Bcar3",-0.582567936011314,0.902382000827029,1,0.032,0.018
"ProB","Ramp1",1.86322607411127,1.69541390806814e-39,5.47364380219798e-35,0.875,0.326
"ProB","Ly6d",0.991145813538841,3.3153384024588e-36,1.07035700323382e-31,0.911,0.341
"ProB","Cd47",0.786153533353045,4.24395266946561e-30,1.37016011933697e-25,0.96,0.758
"ProB","Lsp1",0.531800072326155,3.24072340529965e-26,1.04626755140099e-21,0.928,0.697
"ProB","Lef1",-1.23892624450416,2.72889375655806e-16,8.81023349304771e-12,0.869,0.826
"ProB","Mgst1",-1.84968203017101,8.64445201328464e-14,2.79086133248895e-09,0.252,0.53
"ProB","Enpep",-4.4955686642494,9.97654947915146e-14,3.22092899934405e-09,0.017,0.167
"ProB","Cd44",-3.33120051530743,1.18599154289326e-13,3.8289736962309e-09,0.02,0.197
"ProB","Arntl",-1.59870336589474,4.69624351587197e-13,1.51618221909927e-08,0.445,0.644
"ProB","Smarca4",-0.941076832185684,2.69749428461577e-12,8.70886029788202e-08,0.98,0.871
"ProB","Lck",1.50361745008131,3.0563739551682e-12,9.86750331426052e-08,0.477,0.144
"ProB","Lcp2",-3.1829770394393,5.82087463736673e-12,1.87926937667385e-07,0.034,0.212
"ProB","Myl4",1.90197036785707,5.44757922731006e-11,1.75875095353705e-06,0.446,0.076
"ProB","Tcf7l2",-1.86697819227304,5.49920504686744e-11,1.77541834938115e-06,0.16,0.371
"ProB","Id3",-1.71098132318107,4.05745418727132e-09,0.000130994908436055,0.353,0.636
"ProB","Ncf4",0.628514081358042,5.13919244891928e-09,0.000165918828213359,0.499,0.22
"ProB","Ptgr1",-1.31946292840575,6.05250219893839e-09,0.000195405033492726,0.493,0.614
"ProB","Fcrla",-3.6074653472441,8.26509450215273e-09,0.000266838576002001,0.022,0.144
"ProB","Atp2b4",1.21954450635256,1.80778164395481e-08,0.000583642303750812,0.507,0.22
"ProB","Bach2",-1.17792855707816,5.97386246178573e-08,0.00192866149578752,0.57,0.652
"ProB","Satb1",0.567834656621425,8.82026186354508e-07,0.0284762154264553,0.647,0.394
"ProB","H2-Ob",-1.24984501764012,1.04295928648927e-06,0.033671940564306,0.424,0.545
"ProB","Ifitm1",1.77045516084953,2.62021838239063e-06,0.0845937504754815,0.244,0.03
"ProB","Atp1b1",-1.00655157331019,2.72489838819781e-06,0.0879733444629663,0.721,0.795
"ProB","Notch1",0.987685707698399,2.76317563845078e-06,0.0892091254873833,0.401,0.174
"ProB","Aldh1b1",-1.60593144579489,7.38544826487992e-06,0.238439197231648,0.131,0.258
"ProB","Prkd2",-1.18061995496135,1.4199648204233e-05,0.458435642273661,0.397,0.523
"ProB","Dkk3",-4.0335986912927,2.29223457458697e-05,0.740047932405403,0.007,0.061
"ProB","Bfsp2",-0.963177005603892,2.42820382781835e-05,0.783945605811155,0.55,0.561
"ProB","Emp1",1.10839700558591,3.56094102673607e-05,1,0.4,0.167
"ProB","Rpia",-1.40082164242726,4.35312383563956e-05,1,0.344,0.5
"ProB","Ctla2a",2.43919602237985,5.46530616996566e-05,1,0.192,0.03
"ProB","Crip1",-0.854836376086863,5.48785574223237e-05,1,0.972,0.932
"ProB","Dtx1",-3.94220129213728,5.9265336486965e-05,1,0.01,0.053
"ProB","Dusp7",-1.39748409026589,9.56511675721519e-05,1,0.207,0.295
"ProB","Irf8",-1.53420202470852,0.000135945845311488,1,0.499,0.614
"ProB","Uchl1",-1.41378417537058,0.000158780044919615,1,0.236,0.379
"ProB","Grap2",0.665447250192741,0.00020169471386044,1,0.231,0.076
"ProB","Klf2",-2.77064287904561,0.000279833758434553,1,0.038,0.167
"ProB","Vav3",0.706332603837147,0.000305561758192077,1,0.367,0.227
"ProB","Irf4",-1.28251507331939,0.00042875764243349,1,0.283,0.348
"ProB","Adamts10",1.0308650920454,0.000990311378869119,1,0.205,0.083
"ProB","Slamf7",-0.793847006802885,0.00161629711368589,1,0.658,0.553
"ProB","Emb",0.520960254572444,0.00172687363484473,1,0.292,0.167
"ProB","Sdc4",-0.78092227490506,0.00205431716823076,1,0.639,0.674
"ProB","Cd19",-0.659413003447233,0.00213172666707035,1,0.885,0.803
"ProB","Sit1",-0.729142605334497,0.00534288134443843,1,0.354,0.402
"ProB","Lat2",1.53013697937718,0.00817969766248423,1,0.158,0.03
"ProB","Slc5a9",1.44348419282967,0.00982587392991491,1,0.09,0.03
"ProB","Ttll11",-0.985317144829832,0.0120639774988731,1,0.221,0.295
"ProB","Otub2",-0.844450247981258,0.0128787499486349,1,0.202,0.242
"ProB","Bst1",-0.721920419801215,0.0161181843810628,1,0.545,0.53
"ProB","P2rx7",0.974114244248864,0.0329283238560643,1,0.083,0.03
"ProB","Bcar3",-2.73242838891079,0.0329647605442078,1,0.021,0.061
"ProB","Eps8",-0.841678404545492,0.0858482796891103,1,0.411,0.447
"ProB","Prss16",1.07847808030417,0.135383108779534,1,0.033,0.008
"ProB","Cst7",0.626341892342856,0.209568137318895,1,0.036,0.015
"ProB","Ptger4",-1.03837787996418,0.253049077212354,1,0.094,0.121
"ProB","Ifi30",-1.10691289109107,0.320472966178474,1,0.173,0.167
"ProB","Ikzf3",-0.763731165745979,0.411016736067291,1,0.088,0.098
"ProB","Epha2",-0.888476722495797,0.504340472059168,1,0.043,0.045
"ProB","Rb1",-0.681027651825745,0.672626773909989,1,0.222,0.227
"ProB","Pea15a",-1.77639285130082,0.694635717205885,1,0.04,0.053
"ProB","Dlg3",-0.705215671043155,0.834679445494091,1,0.032,0.03
"ProB","Tnfsf11",4.57258394407711,0.989070384476296,1,0.146,0
"ProB","Ccl9",2.88776768860616,0.989887986833637,1,0.024,0
"ProB","Fosl2",-0.888335972337502,0.996297149328909,1,0.004,0
